time;temperature_bathroom_middle;humidity_bathroom_middle;temperature_bathoroom_upstairs;humidity_bathroom_upstairs;temperature_outside;humidity_outside;Id;Config;local time;room;absolute;absolute_outside
2022-01-13 06:40:00;20.4;62.0;24.1;40.0;0.0;96.0;39;1;0.0;up;1.2243454601617914;0.58656
2022-01-13 06:45:00;20.4;62.0;24.1;40.0;0.0;96.0;39;1;5.0;up;1.2243454601617914;0.58656
2022-01-13 06:50:00;20.4;64.0;24.1;40.0;0.0;96.0;39;1;10.0;up;1.2243454601617914;0.58656
2022-01-13 06:55:00;20.7;64.0;24.1;40.0;0.0;96.0;39;1;15.0;up;1.2243454601617914;0.58656
2022-01-13 07:00:00;20.7;64.0;24.1;40.0;0.0;96.0;39;1;20.0;up;1.2243454601617914;0.58656
2022-01-15 17:45:00;19.0;75.0;22.2;47.0;1.0;98.0;40;1;0.0;up;1.279144831699352;0.643802700449566
2022-01-15 17:50:00;19.0;58.0;22.2;47.0;1.0;98.0;40;1;5.0;up;1.279144831699352;0.643802700449566
2022-01-16 21:10:00;19.3;69.0;23.0;44.0;3.0;89.0;42;1;0.0;up;1.25845407949336;0.6748438175867872
2022-01-16 21:15:00;19.3;69.0;23.0;82.0;3.0;89.0;42;1;5.0;up;2.3453007845103526;0.6748438175867872
2022-01-16 21:20:00;19.0;69.0;23.0;82.0;3.0;89.0;42;1;10.0;up;2.3453007845103526;0.6748438175867872
2022-01-16 21:25:00;19.0;69.0;23.0;82.0;3.0;89.0;42;1;15.0;up;2.3453007845103526;0.6748438175867872
2022-01-16 21:30:00;18.1;61.0;23.0;82.0;3.0;88.0;42;1;20.0;up;2.3453007845103526;0.6672613027824412
2022-01-16 21:35:00;18.1;61.0;23.0;82.0;3.0;88.0;42;1;25.0;up;2.3453007845103526;0.6672613027824412
2022-01-16 21:40:00;18.1;60.0;23.0;82.0;3.0;88.0;42;1;30.0;up;2.3453007845103526;0.6672613027824412
2022-01-16 21:45:00;18.1;60.0;23.0;82.0;3.0;88.0;42;1;35.0;up;2.3453007845103526;0.6672613027824412
2022-01-16 21:50:00;18.1;60.0;23.0;82.0;3.0;88.0;42;1;40.0;up;2.3453007845103526;0.6672613027824412
2022-01-16 21:55:00;17.9;60.0;23.0;82.0;3.0;88.0;42;1;45.0;up;2.3453007845103526;0.6672613027824412
2022-01-16 22:00:00;17.9;60.0;23.0;82.0;3.0;88.0;42;1;50.0;up;2.3453007845103526;0.6672613027824412
2022-01-16 22:05:00;18.4;84.0;23.0;82.0;3.0;88.0;42;1;55.0;up;2.3453007845103526;0.6672613027824412
2022-01-17 20:50:00;20.2;57.0;23.0;82.0;5.0;90.0;43;1;0.0;up;2.3453007845103526;0.7860426581235379
2022-01-17 20:55:00;20.2;56.0;23.0;82.0;5.0;90.0;43;1;5.0;up;2.3453007845103526;0.7860426581235379
2022-01-17 21:00:00;15.1;56.0;23.0;82.0;5.0;90.0;43;1;10.0;up;2.3453007845103526;0.7860426581235379
2022-01-17 21:05:00;15.1;56.0;23.0;82.0;5.0;90.0;43;1;15.0;up;2.3453007845103526;0.7860426581235379
2022-01-19 20:45:00;21.6;51.0;23.0;82.0;4.0;84.0;44;1;0.0;up;2.3453007845103526;0.6837518832139436
2022-01-19 20:50:00;21.6;51.0;23.0;82.0;5.0;84.0;44;1;5.0;up;2.3453007845103526;0.7336398142486353
2022-01-19 20:55:00;21.4;51.0;23.0;82.0;5.0;84.0;44;1;10.0;up;2.3453007845103526;0.7336398142486353
2022-01-19 21:00:00;21.4;51.0;23.0;82.0;5.0;84.0;44;1;15.0;up;2.3453007845103526;0.7336398142486353
2022-01-19 21:05:00;21.4;51.0;23.0;82.0;5.0;84.0;44;1;20.0;up;2.3453007845103526;0.7336398142486353
2022-01-19 21:10:00;21.4;51.0;23.0;82.0;4.0;85.0;44;1;25.0;up;2.3453007845103526;0.6918917865855383
2022-01-19 21:15:00;21.4;51.0;23.0;82.0;4.0;86.0;44;1;30.0;up;2.3453007845103526;0.7000316899571328
2022-01-21 07:55:00;18.4;54.0;20.3;54.0;;;45;1;0.0;up;1.3047654778975035;
2022-01-21 08:00:00;18.4;54.0;20.3;54.0;;;45;1;5.0;up;1.3047654778975035;
2022-01-23 21:10:00;16.5;51.0;26.1;90.0;;;46;1;0.0;up;3.112387706151899;
2022-01-23 21:15:00;16.5;51.0;26.1;90.0;;;46;1;5.0;up;3.112387706151899;
2022-01-23 21:20:00;20.4;51.0;26.1;90.0;;;46;1;10.0;up;3.112387706151899;
2022-01-23 21:25:00;20.4;51.0;23.2;57.0;;;46;1;15.0;up;1.650562831151426;
2022-01-23 21:30:00;20.4;51.0;23.2;57.0;;;46;1;20.0;up;1.650562831151426;
2022-01-23 21:35:00;20.4;51.0;21.4;50.0;;;46;1;25.0;up;1.294529177764772;
2022-01-23 21:40:00;15.7;60.0;21.4;50.0;;;46;1;30.0;up;1.294529177764772;
2022-01-23 21:45:00;15.7;60.0;20.3;50.0;;;46;1;35.0;up;1.208116183238429;
2022-01-23 21:50:00;18.8;60.0;20.3;50.0;;;46;1;40.0;up;1.208116183238429;
2022-01-25 21:20:00;22.6;87.0;21.7;84.0;;;47;1;0.0;up;2.215975363426623;
2022-01-25 21:25:00;22.6;87.0;23.7;85.0;;;47;1;5.0;up;2.538491509851464;
2022-01-25 21:30:00;22.6;86.0;23.7;85.0;;;47;1;10.0;up;2.538491509851464;
2022-01-25 21:35:00;22.6;86.0;23.7;49.0;;;47;1;15.0;up;1.4633656939143729;
2022-01-25 21:40:00;22.6;86.0;23.7;49.0;;;47;1;20.0;up;1.4633656939143729;
2022-01-25 21:45:00;22.6;86.0;23.7;49.0;;;47;1;25.0;up;1.4633656939143729;
2022-01-27 22:10:00;17.8;62.0;21.4;45.0;;;48;1;0.0;up;1.165076259988295;
2022-01-27 22:15:00;17.8;62.0;21.4;45.0;;;48;1;5.0;up;1.165076259988295;
2022-01-27 22:20:00;17.8;56.0;21.4;45.0;;;48;1;10.0;up;1.165076259988295;
2022-02-05 08:05:00;;;;;0.0;94.0;51;1;0.0;up;;0.57434
2022-02-07 08:25:00;;;;;8.0;70.0;52;1;0.0;up;;0.7529196347616941
2022-02-07 08:30:00;;;;;8.0;70.0;52;1;5.0;up;;0.7529196347616941
2022-02-07 08:35:00;;;;;8.0;70.0;52;1;10.0;up;;0.7529196347616941
2022-02-07 08:40:00;;;;;8.0;70.0;52;1;15.0;up;;0.7529196347616941
2022-02-07 08:45:00;;;;;8.0;70.0;52;1;20.0;up;;0.7529196347616941
2022-01-08 16:50:00;22.8;87.0;22.0;50.0;4.0;82.0;0;2;5.0;mid;2.4576734342349087;0.6674720764707546
2022-01-08 16:55:00;22.8;87.0;22.0;50.0;4.0;82.0;0;2;10.0;mid;2.4576734342349087;0.6674720764707546
2022-01-08 17:00:00;15.3;48.0;22.0;50.0;4.0;82.0;0;2;15.0;mid;0.8416208077038326;0.6674720764707546
2022-01-08 17:05:00;15.3;48.0;22.0;50.0;4.0;82.0;0;2;20.0;mid;0.8416208077038326;0.6674720764707546
2022-01-08 17:10:00;12.9;52.0;22.0;50.0;4.0;82.0;0;2;25.0;mid;0.7785776015615256;0.6674720764707546
2022-01-08 17:15:00;12.9;52.0;21.9;50.0;4.0;82.0;0;2;30.0;mid;0.7785776015615256;0.6674720764707546
2022-01-09 09:10:00;18.1;81.0;22.3;49.0;5.0;85.0;1;2;0.0;mid;1.7019123247429535;0.7423736215611191
2022-01-09 09:15:00;16.2;57.0;22.3;49.0;5.0;87.0;1;2;5.0;mid;1.059675489396567;0.7598412361860867
2022-01-09 11:40:00;18.5;61.0;21.6;50.0;7.0;77.0;2;2;0.0;mid;1.3148737296480455;0.7730501446379053
2022-01-09 11:45:00;18.5;61.0;21.6;50.0;7.0;74.0;2;2;5.0;mid;1.3148737296480455;0.7429313078338311
2022-01-09 11:50:00;14.9;61.0;21.6;50.0;7.0;76.0;2;2;10.0;mid;1.0419695232001975;0.7630105323698806
2022-01-09 11:55:00;14.9;61.0;21.6;50.0;7.0;74.0;2;2;15.0;mid;1.0419695232001975;0.7429313078338311
2022-01-09 12:00:00;13.5;61.0;21.6;50.0;7.0;74.0;2;2;20.0;mid;0.9503427703825448;0.7429313078338311
2022-01-09 12:05:00;13.5;61.0;21.6;50.0;7.0;75.0;2;2;25.0;mid;0.9503427703825448;0.7529709201018558
2022-01-09 12:10:00;13.5;53.0;21.6;50.0;7.0;74.0;2;2;30.0;mid;0.8257076529553257;0.7429313078338311
2022-01-09 12:15:00;12.9;53.0;21.6;50.0;7.0;74.0;2;2;35.0;mid;0.7935502477454011;0.7429313078338311
2022-01-09 12:20:00;12.9;53.0;21.6;50.0;7.0;74.0;2;2;40.0;mid;0.7935502477454011;0.7429313078338311
2022-01-09 12:25:00;12.9;53.0;21.6;50.0;7.0;74.0;2;2;45.0;mid;0.7935502477454011;0.7429313078338311
2022-01-09 12:30:00;12.9;53.0;21.8;50.0;7.0;74.0;2;2;50.0;mid;0.7935502477454011;0.7429313078338311
2022-01-09 12:35:00;12.2;54.0;21.8;50.0;7.0;74.0;2;2;55.0;mid;0.7717442220223656;0.7429313078338311
2022-01-09 12:40:00;12.2;54.0;21.8;50.0;7.0;72.0;2;2;60.0;mid;0.7717442220223656;0.7228520832977816
2022-01-09 12:45:00;12.2;53.0;21.8;50.0;7.0;73.0;2;2;65.0;mid;0.7574526623552847;0.7328916955658064
2022-01-09 12:50:00;12.2;53.0;21.8;50.0;7.0;72.0;2;2;70.0;mid;0.7574526623552847;0.7228520832977816
2022-01-09 12:55:00;12.4;53.0;21.8;50.0;7.0;71.0;2;2;75.0;mid;0.7676132376640539;0.7128124710297569
2022-01-09 13:00:00;12.4;53.0;21.8;50.0;7.0;72.0;2;2;80.0;mid;0.7676132376640539;0.7228520832977816
2022-01-09 13:05:00;12.4;54.0;21.8;50.0;7.0;73.0;2;2;85.0;mid;0.7820965062992248;0.7328916955658064
2022-01-09 13:10:00;12.4;54.0;21.8;56.0;7.0;74.0;2;2;90.0;mid;0.7820965062992248;0.7429313078338311
2022-01-09 13:15:00;12.4;54.0;21.8;56.0;7.0;73.0;2;2;95.0;mid;0.7820965062992248;0.7328916955658064
2022-01-09 13:20:00;11.8;54.0;21.8;56.0;7.0;73.0;2;2;100.0;mid;0.7514067376890716;0.7328916955658064
2022-01-09 13:25:00;11.8;54.0;21.8;56.0;7.0;71.0;2;2;105.0;mid;0.7514067376890716;0.7128124710297569
2022-01-09 13:30:00;11.7;54.0;21.8;56.0;7.0;71.0;2;2;110.0;mid;0.7463979143678185;0.7128124710297569
2022-01-09 13:35:00;11.7;54.0;21.8;56.0;7.0;71.0;2;2;115.0;mid;0.7463979143678185;0.7128124710297569
2022-01-09 13:40:00;11.7;54.0;21.8;56.0;7.0;71.0;2;2;120.0;mid;0.7463979143678185;0.7128124710297569
2022-01-09 13:45:00;11.7;54.0;21.8;56.0;7.0;69.0;2;2;125.0;mid;0.7463979143678185;0.6927332464937074
2022-01-09 13:50:00;11.7;54.0;21.8;56.0;7.0;73.0;2;2;130.0;mid;0.7463979143678185;0.7328916955658064
2022-01-09 13:55:00;11.7;54.0;21.3;56.0;7.0;70.0;2;2;135.0;mid;0.7463979143678185;0.7027728587617321
2022-01-09 14:00:00;11.7;55.0;21.3;56.0;7.0;71.0;2;2;140.0;mid;0.7602200979672226;0.7128124710297569
2022-01-09 14:05:00;11.7;55.0;21.2;56.0;7.0;73.0;2;2;145.0;mid;0.7602200979672226;0.7328916955658064
2022-01-09 14:10:00;11.7;55.0;21.2;56.0;7.0;74.0;2;2;150.0;mid;0.7602200979672226;0.7429313078338311
2022-01-09 21:40:00;18.3;88.0;19.2;62.0;3.0;91.0;3;2;0.0;mid;1.8727925468967908;0.6900088471954791
2022-01-09 21:45:00;16.9;64.0;19.2;62.0;3.0;92.0;3;2;5.0;mid;1.2449220803046912;0.697591361999825
2022-01-09 21:50:00;16.9;64.0;19.2;62.0;3.0;92.0;4;4;0.0;mid;1.2449220803046912;0.697591361999825
2022-01-09 21:55:00;13.6;72.0;19.2;62.0;3.0;92.0;4;4;5.0;mid;1.129148929002542;0.697591361999825
2022-01-09 22:00:00;13.6;72.0;20.8;60.0;3.0;92.0;4;4;10.0;mid;1.129148929002542;0.697591361999825
2022-01-09 22:05:00;13.7;72.0;20.8;60.0;3.0;92.0;4;4;15.0;mid;1.13662581717629;0.697591361999825
2022-01-09 22:10:00;13.7;72.0;20.8;60.0;3.0;92.0;4;4;20.0;mid;1.13662581717629;0.697591361999825
2022-01-09 22:15:00;13.5;68.0;20.8;60.0;3.0;92.0;4;4;25.0;mid;1.059398498131361;0.697591361999825
2022-01-09 22:20:00;13.5;68.0;20.8;60.0;3.0;92.0;4;4;30.0;mid;1.059398498131361;0.697591361999825
2022-01-09 22:25:00;13.5;67.0;20.8;60.0;3.0;92.0;4;4;35.0;mid;1.0438191084529589;0.697591361999825
2022-01-09 22:30:00;13.2;67.0;21.6;60.0;3.0;92.0;4;4;40.0;mid;1.0233126566605206;0.697591361999825
2022-01-09 22:35:00;13.2;67.0;21.6;60.0;3.0;92.0;4;4;45.0;mid;1.0233126566605206;0.697591361999825
2022-01-09 22:40:00;13.2;66.0;21.6;60.0;3.0;92.0;4;4;50.0;mid;1.0080393334267814;0.697591361999825
2022-01-09 22:45:00;13.2;66.0;21.6;60.0;3.0;92.0;4;4;55.0;mid;1.0080393334267814;0.697591361999825
2022-01-09 22:50:00;13.2;66.0;21.6;60.0;3.0;92.0;4;4;60.0;mid;1.0080393334267814;0.697591361999825
2022-01-09 22:55:00;13.2;66.0;21.6;60.0;3.0;92.0;4;4;65.0;mid;1.0080393334267814;0.697591361999825
2022-01-09 23:00:00;12.4;65.0;21.6;60.0;3.0;92.0;4;4;70.0;mid;0.9414124612861038;0.697591361999825
2022-01-09 23:05:00;12.4;65.0;21.6;60.0;3.0;92.0;4;4;75.0;mid;0.9414124612861038;0.697591361999825
2022-01-09 23:10:00;12.4;63.0;21.6;60.0;3.0;92.0;4;4;80.0;mid;0.912445924015762;0.697591361999825
2022-01-09 23:15:00;12.4;63.0;21.6;60.0;3.0;92.0;4;4;85.0;mid;0.912445924015762;0.697591361999825
2022-01-09 23:20:00;12.4;63.0;21.6;60.0;3.0;92.0;4;4;90.0;mid;0.912445924015762;0.697591361999825
2022-01-09 23:25:00;12.2;63.0;21.6;60.0;3.0;93.0;4;4;95.0;mid;0.9003682590260932;0.7051738768041709
2022-01-09 23:30:00;12.2;63.0;21.6;60.0;3.0;93.0;4;4;100.0;mid;0.9003682590260932;0.7051738768041709
2022-01-09 23:35:00;12.3;63.0;21.6;60.0;2.0;93.0;4;4;105.0;mid;0.90638909143324;0.6565475566541221
2022-01-09 23:40:00;12.3;63.0;21.6;60.0;2.0;93.0;4;4;110.0;mid;0.90638909143324;0.6565475566541221
2022-01-09 23:45:00;12.3;61.0;21.6;60.0;2.0;94.0;4;4;115.0;mid;0.8776148345623432;0.6636072078009406
2022-01-09 23:50:00;12.3;61.0;21.6;60.0;2.0;94.0;4;4;120.0;mid;0.8776148345623432;0.6636072078009406
2022-01-09 23:55:00;12.3;61.0;21.6;60.0;2.0;94.0;4;4;125.0;mid;0.8776148345623432;0.6636072078009406
2022-01-10 00:00:00;12.3;61.0;21.6;60.0;2.0;94.0;4;4;130.0;mid;0.8776148345623432;0.6636072078009406
2022-01-10 00:05:00;12.1;61.0;21.6;60.0;2.0;94.0;4;4;135.0;mid;0.8659901206073123;0.6636072078009406
2022-01-10 00:10:00;12.1;61.0;21.6;60.0;2.0;94.0;4;4;140.0;mid;0.8659901206073123;0.6636072078009406
2022-01-10 00:15:00;12.1;60.0;21.6;60.0;2.0;94.0;4;4;145.0;mid;0.851793561253094;0.6636072078009406
2022-01-10 00:20:00;12.1;60.0;21.6;60.0;2.0;94.0;4;4;150.0;mid;0.851793561253094;0.6636072078009406
2022-01-10 00:25:00;12.1;60.0;21.6;60.0;2.0;94.0;4;4;155.0;mid;0.851793561253094;0.6636072078009406
2022-01-10 00:30:00;12.0;60.0;21.6;60.0;2.0;95.0;4;4;160.0;mid;0.8461274720484191;0.6706668589477591
2022-01-10 00:35:00;12.0;60.0;21.6;60.0;2.0;95.0;4;4;165.0;mid;0.8461274720484191;0.6706668589477591
2022-01-10 00:40:00;11.8;60.0;21.6;60.0;2.0;94.0;4;4;170.0;mid;0.8348963752100794;0.6636072078009406
2022-01-10 00:45:00;11.8;60.0;21.6;60.0;2.0;94.0;4;4;175.0;mid;0.8348963752100794;0.6636072078009406
2022-01-10 00:50:00;11.8;60.0;21.6;60.0;2.0;94.0;4;4;180.0;mid;0.8348963752100794;0.6636072078009406
2022-01-10 00:55:00;11.8;60.0;21.6;60.0;2.0;94.0;4;4;185.0;mid;0.8348963752100794;0.6636072078009406
2022-01-10 01:00:00;11.8;60.0;21.6;60.0;2.0;94.0;4;4;190.0;mid;0.8348963752100794;0.6636072078009406
2022-01-10 01:05:00;11.8;60.0;21.6;60.0;2.0;94.0;4;4;195.0;mid;0.8348963752100794;0.6636072078009406
2022-01-10 01:10:00;11.8;59.0;21.6;60.0;2.0;94.0;4;4;200.0;mid;0.8209814356232448;0.6636072078009406
2022-01-10 01:15:00;11.7;59.0;21.6;60.0;2.0;94.0;4;4;205.0;mid;0.8155088323648386;0.6636072078009406
2022-01-10 01:20:00;11.7;59.0;21.6;60.0;2.0;94.0;4;4;210.0;mid;0.8155088323648386;0.6636072078009406
2022-01-10 01:25:00;11.7;59.0;21.6;52.0;2.0;94.0;4;4;215.0;mid;0.8155088323648386;0.6636072078009406
2022-01-10 01:30:00;11.7;59.0;21.6;52.0;2.0;94.0;4;4;220.0;mid;0.8155088323648386;0.6636072078009406
2022-01-10 01:35:00;11.4;59.0;21.6;52.0;2.0;94.0;4;4;225.0;mid;0.7992863748666298;0.6636072078009406
2022-01-10 01:40:00;11.4;59.0;21.6;52.0;2.0;94.0;4;4;230.0;mid;0.7992863748666298;0.6636072078009406
2022-01-10 01:45:00;11.4;59.0;21.6;52.0;2.0;94.0;4;4;235.0;mid;0.7992863748666298;0.6636072078009406
2022-01-10 01:50:00;11.4;59.0;21.6;52.0;2.0;94.0;4;4;240.0;mid;0.7992863748666298;0.6636072078009406
2022-01-10 01:55:00;11.4;59.0;21.6;52.0;2.0;94.0;4;4;245.0;mid;0.7992863748666298;0.6636072078009406
2022-01-10 02:00:00;11.4;59.0;21.6;52.0;2.0;94.0;4;4;250.0;mid;0.7992863748666298;0.6636072078009406
2022-01-10 02:05:00;11.4;59.0;21.6;52.0;2.0;94.0;4;4;255.0;mid;0.7992863748666298;0.6636072078009406
2022-01-10 02:10:00;11.4;59.0;21.6;52.0;2.0;94.0;4;4;260.0;mid;0.7992863748666298;0.6636072078009406
2022-01-10 02:15:00;11.4;59.0;21.6;52.0;2.0;94.0;4;4;265.0;mid;0.7992863748666298;0.6636072078009406
2022-01-10 02:20:00;11.4;58.0;21.6;52.0;2.0;94.0;4;4;270.0;mid;0.785739148173975;0.6636072078009406
2022-01-10 02:25:00;11.4;58.0;21.6;52.0;2.0;94.0;4;4;275.0;mid;0.785739148173975;0.6636072078009406
2022-01-10 02:30:00;11.3;58.0;21.6;52.0;2.0;94.0;4;4;280.0;mid;0.7804867706331958;0.6636072078009406
2022-01-10 02:35:00;11.3;58.0;21.6;51.0;2.0;94.0;4;4;285.0;mid;0.7804867706331958;0.6636072078009406
2022-01-10 02:40:00;11.3;58.0;21.6;51.0;2.0;94.0;4;4;290.0;mid;0.7804867706331958;0.6636072078009406
2022-01-10 02:45:00;11.3;58.0;21.6;51.0;2.0;94.0;4;4;295.0;mid;0.7804867706331958;0.6636072078009406
2022-01-10 02:50:00;11.3;58.0;21.6;51.0;2.0;94.0;4;4;300.0;mid;0.7804867706331958;0.6636072078009406
2022-01-10 02:55:00;11.3;58.0;21.6;51.0;2.0;94.0;4;4;305.0;mid;0.7804867706331958;0.6636072078009406
2022-01-10 03:00:00;11.3;58.0;21.6;51.0;2.0;95.0;4;4;310.0;mid;0.7804867706331958;0.6706668589477591
2022-01-10 03:05:00;11.3;58.0;21.6;51.0;2.0;95.0;4;4;315.0;mid;0.7804867706331958;0.6706668589477591
2022-01-10 03:10:00;11.3;58.0;21.6;51.0;2.0;95.0;4;4;320.0;mid;0.7804867706331958;0.6706668589477591
2022-01-10 03:15:00;11.4;58.0;21.6;51.0;2.0;95.0;4;4;325.0;mid;0.785739148173975;0.6706668589477591
2022-01-10 03:20:00;11.4;58.0;20.9;51.0;2.0;95.0;4;4;330.0;mid;0.785739148173975;0.6706668589477591
2022-01-10 03:25:00;11.4;58.0;20.9;51.0;2.0;95.0;4;4;335.0;mid;0.785739148173975;0.6706668589477591
2022-01-10 03:30:00;11.4;58.0;20.9;51.0;2.0;95.0;4;4;340.0;mid;0.785739148173975;0.6706668589477591
2022-01-10 03:35:00;11.4;58.0;20.9;51.0;2.0;95.0;4;4;345.0;mid;0.785739148173975;0.6706668589477591
2022-01-10 03:40:00;11.4;58.0;20.9;51.0;2.0;95.0;4;4;350.0;mid;0.785739148173975;0.6706668589477591
2022-01-10 03:45:00;11.3;58.0;20.9;51.0;2.0;95.0;4;4;355.0;mid;0.7804867706331958;0.6706668589477591
2022-01-10 03:50:00;11.3;58.0;20.9;51.0;2.0;95.0;4;4;360.0;mid;0.7804867706331958;0.6706668589477591
2022-01-10 03:55:00;11.3;58.0;20.9;51.0;2.0;95.0;4;4;365.0;mid;0.7804867706331958;0.6706668589477591
2022-01-10 04:00:00;11.3;58.0;20.9;51.0;2.0;95.0;4;4;370.0;mid;0.7804867706331958;0.6706668589477591
2022-01-10 04:05:00;11.3;58.0;20.9;51.0;2.0;95.0;4;4;375.0;mid;0.7804867706331958;0.6706668589477591
2022-01-10 04:10:00;11.2;58.0;20.9;51.0;2.0;95.0;4;4;380.0;mid;0.7752658440678701;0.6706668589477591
2022-01-10 04:15:00;11.2;58.0;20.9;51.0;2.0;95.0;4;4;385.0;mid;0.7752658440678701;0.6706668589477591
2022-01-10 04:20:00;11.2;58.0;20.9;51.0;2.0;95.0;4;4;390.0;mid;0.7752658440678701;0.6706668589477591
2022-01-10 04:25:00;11.2;58.0;21.1;51.0;2.0;96.0;4;4;395.0;mid;0.7752658440678701;0.6777265100945776
2022-01-10 04:30:00;11.2;58.0;21.1;51.0;2.0;95.0;4;4;400.0;mid;0.7752658440678701;0.6706668589477591
2022-01-10 04:35:00;11.2;58.0;21.1;51.0;2.0;95.0;4;4;405.0;mid;0.7752658440678701;0.6706668589477591
2022-01-10 04:40:00;11.2;58.0;21.1;51.0;2.0;95.0;4;4;410.0;mid;0.7752658440678701;0.6706668589477591
2022-01-10 04:45:00;11.2;58.0;21.1;51.0;2.0;96.0;4;4;415.0;mid;0.7752658440678701;0.6777265100945776
2022-01-10 04:50:00;11.2;58.0;21.1;51.0;2.0;96.0;4;4;420.0;mid;0.7752658440678701;0.6777265100945776
2022-01-10 04:55:00;11.2;58.0;21.1;51.0;2.0;95.0;4;4;425.0;mid;0.7752658440678701;0.6706668589477591
2022-01-10 05:00:00;11.2;58.0;21.1;51.0;2.0;95.0;4;4;430.0;mid;0.7752658440678701;0.6706668589477591
2022-01-10 05:05:00;11.2;58.0;21.1;51.0;2.0;96.0;4;4;435.0;mid;0.7752658440678701;0.6777265100945776
2022-01-10 05:10:00;11.2;58.0;21.1;51.0;2.0;96.0;4;4;440.0;mid;0.7752658440678701;0.6777265100945776
2022-01-10 05:15:00;11.1;58.0;21.1;51.0;2.0;96.0;4;4;445.0;mid;0.7700762033744356;0.6777265100945776
2022-01-10 05:20:00;11.1;58.0;21.1;51.0;2.0;95.0;4;4;450.0;mid;0.7700762033744356;0.6706668589477591
2022-01-10 05:25:00;11.1;58.0;21.1;51.0;2.0;95.0;4;4;455.0;mid;0.7700762033744356;0.6706668589477591
2022-01-10 05:30:00;11.1;58.0;21.1;51.0;2.0;96.0;4;4;460.0;mid;0.7700762033744356;0.6777265100945776
2022-01-10 05:35:00;10.9;58.0;21.1;51.0;2.0;95.0;4;4;465.0;mid;0.759790122861469;0.6706668589477591
2022-01-10 05:40:00;10.9;58.0;21.1;51.0;2.0;95.0;4;4;470.0;mid;0.759790122861469;0.6706668589477591
2022-01-10 05:45:00;10.9;58.0;21.1;51.0;2.0;95.0;4;4;475.0;mid;0.759790122861469;0.6706668589477591
2022-01-10 05:50:00;10.7;58.0;21.1;51.0;2.0;95.0;4;4;480.0;mid;0.7496272229192847;0.6706668589477591
2022-01-10 05:55:00;10.7;58.0;21.1;51.0;2.0;95.0;4;4;485.0;mid;0.7496272229192847;0.6706668589477591
2022-01-10 06:00:00;10.6;59.0;21.1;51.0;2.0;96.0;4;4;490.0;mid;0.7574293461950493;0.6777265100945776
2022-01-10 06:05:00;10.6;59.0;21.1;51.0;2.0;96.0;4;4;495.0;mid;0.7574293461950493;0.6777265100945776
2022-01-10 06:10:00;10.7;59.0;21.1;51.0;2.0;95.0;4;4;500.0;mid;0.7625518302109966;0.6706668589477591
2022-01-10 15:30:00;21.2;52.0;20.8;52.0;6.0;80.0;5;2;0.0;mid;1.3295563672093174;0.749305132192748
2022-01-10 15:35:00;21.2;52.0;20.8;52.0;6.0;78.0;5;2;5.0;mid;1.3295563672093174;0.7305725038879292
2022-01-10 15:40:00;15.4;46.0;20.8;52.0;6.0;79.0;5;2;10.0;mid;0.8118310363942437;0.7399388180403386
2022-01-10 15:45:00;15.4;46.0;20.8;52.0;6.0;78.0;5;2;15.0;mid;0.8118310363942437;0.7305725038879292
2022-01-10 15:50:00;13.7;48.0;20.8;52.0;6.0;77.0;5;2;20.0;mid;0.7577505447841932;0.7212061897355199
2022-01-10 15:55:00;13.7;48.0;20.8;49.0;6.0;77.0;5;2;25.0;mid;0.7577505447841932;0.7212061897355199
2022-01-10 16:00:00;13.7;49.0;20.8;49.0;6.0;77.0;5;2;30.0;mid;0.7735370144671974;0.7212061897355199
2022-01-10 16:05:00;13.7;49.0;20.8;49.0;6.0;77.0;5;2;35.0;mid;0.7735370144671974;0.7212061897355199
2022-01-10 16:10:00;13.7;49.0;20.8;49.0;6.0;78.0;5;2;40.0;mid;0.7735370144671974;0.7305725038879292
2022-01-10 16:15:00;13.7;50.0;20.8;49.0;6.0;79.0;5;2;45.0;mid;0.7893234841502014;0.7399388180403386
2022-01-10 16:20:00;13.7;50.0;20.8;49.0;6.0;79.0;5;2;50.0;mid;0.7893234841502014;0.7399388180403386
2022-01-10 16:25:00;13.3;50.0;20.8;49.0;6.0;79.0;5;2;55.0;mid;0.7687371209265512;0.7399388180403386
2022-01-10 21:15:00;22.5;92.0;20.6;47.0;3.0;91.0;6;2;0.0;mid;2.550993984942132;0.6900088471954791
2022-01-10 21:20:00;17.9;68.0;20.6;47.0;3.0;91.0;6;2;5.0;mid;1.4105828627543926;0.6900088471954791
2022-01-10 21:25:00;17.9;68.0;20.6;47.0;3.0;92.0;6;2;10.0;mid;1.4105828627543926;0.697591361999825
2022-01-10 21:30:00;17.9;60.0;20.6;47.0;3.0;92.0;6;2;15.0;mid;1.244631937724464;0.697591361999825
2022-01-10 21:35:00;15.3;60.0;20.9;47.0;3.0;92.0;6;2;20.0;mid;1.0520260096297906;0.697591361999825
2022-01-10 21:40:00;15.3;60.0;20.9;47.0;3.0;92.0;6;2;25.0;mid;1.0520260096297906;0.697591361999825
2022-01-11 06:15:00;19.6;77.0;20.6;53.0;1.0;94.0;7;4;0.0;mid;1.7799961369658783;0.6175250392067265
2022-01-11 06:20:00;18.9;68.0;20.6;53.0;1.0;94.0;7;4;5.0;mid;1.503608417449956;0.6175250392067265
2022-01-11 06:25:00;18.9;68.0;20.6;53.0;1.0;94.0;7;4;10.0;mid;1.503608417449956;0.6175250392067265
2022-01-11 06:30:00;18.9;60.0;20.6;53.0;1.0;94.0;7;4;15.0;mid;1.3267133095146668;0.6175250392067265
2022-01-11 06:35:00;18.9;60.0;20.6;53.0;1.0;94.0;7;4;20.0;mid;1.3267133095146668;0.6175250392067265
2022-01-11 06:40:00;15.5;60.0;20.6;53.0;1.0;94.0;7;4;25.0;mid;1.065834312508935;0.6175250392067265
2022-01-11 06:45:00;15.5;60.0;20.6;53.0;1.0;94.0;7;4;30.0;mid;1.065834312508935;0.6175250392067265
2022-01-11 21:55:00;21.6;94.0;22.2;42.0;5.0;74.0;8;2;0.0;mid;2.4643406298590023;0.6463017411237978
2022-01-12 22:00:00;8.9;56.0;24.1;40.0;2.0;87.0;10;4;0.0;mid;0.6406153062115715;0.614189649773211
2022-01-12 22:05:00;10.5;63.0;24.1;40.0;2.0;87.0;10;4;5.0;mid;0.8033436408191154;0.614189649773211
2022-01-12 22:10:00;10.5;63.0;24.1;40.0;2.0;87.0;10;4;10.0;mid;0.8033436408191154;0.614189649773211
2022-01-12 22:15:00;10.5;60.0;24.1;40.0;2.0;87.0;10;4;15.0;mid;0.7650891817324907;0.614189649773211
2022-01-12 22:20:00;10.5;60.0;24.1;40.0;2.0;87.0;10;4;20.0;mid;0.7650891817324907;0.614189649773211
2022-01-12 22:25:00;18.2;59.0;24.1;40.0;2.0;87.0;10;4;25.0;mid;1.2476206309643558;0.614189649773211
2022-01-12 22:30:00;18.2;59.0;24.1;40.0;1.0;87.0;10;4;30.0;mid;1.2476206309643558;0.5715391320317575
2022-01-12 22:35:00;18.2;60.0;24.1;40.0;1.0;88.0;10;4;35.0;mid;1.2687667433535823;0.5781085473424674
2022-01-12 22:40:00;18.9;60.0;24.1;40.0;1.0;89.0;10;4;40.0;mid;1.3267133095146668;0.5846779626531773
2022-01-12 22:45:00;18.9;60.0;24.1;40.0;1.0;89.0;10;4;45.0;mid;1.3267133095146668;0.5846779626531773
2022-01-12 22:50:00;18.9;60.0;24.1;40.0;1.0;89.0;10;4;50.0;mid;1.3267133095146668;0.5846779626531773
2022-01-12 22:55:00;18.9;60.0;24.1;40.0;1.0;90.0;10;4;55.0;mid;1.3267133095146668;0.5912473779638872
2022-01-12 23:00:00;18.9;63.0;24.1;40.0;0.0;90.0;10;4;60.0;mid;1.3930489749904005;0.5499
2022-01-12 23:05:00;18.9;63.0;24.1;40.0;0.0;90.0;10;4;65.0;mid;1.3930489749904005;0.5499
2022-01-12 23:10:00;19.2;64.0;24.1;40.0;0.0;92.0;10;4;70.0;mid;1.4424130189465236;0.5621200000000001
2022-01-12 23:15:00;19.2;64.0;24.1;40.0;0.0;91.0;10;4;75.0;mid;1.4424130189465236;0.55601
2022-01-12 23:20:00;19.2;65.0;24.1;40.0;0.0;92.0;10;4;80.0;mid;1.464950722367563;0.5621200000000001
2022-01-12 23:25:00;19.2;65.0;24.1;40.0;0.0;92.0;10;4;85.0;mid;1.464950722367563;0.5621200000000001
2022-01-12 23:30:00;;;;;-1.0;92.0;10;4;90.0;mid;;0.5225309490421866
2022-01-12 23:35:00;19.1;66.0;24.1;40.0;-1.0;92.0;10;4;95.0;mid;1.4780673072219728;0.5225309490421866
2022-01-12 23:40:00;19.1;66.0;24.1;40.0;-1.0;93.0;10;4;100.0;mid;1.4780673072219728;0.528210633270906
2022-01-12 23:45:00;19.1;66.0;24.1;40.0;-1.0;94.0;10;4;105.0;mid;1.4780673072219728;0.5338903174996253
2022-01-12 23:50:00;19.1;66.0;24.1;40.0;-1.0;94.0;10;4;110.0;mid;1.4780673072219728;0.5338903174996253
2022-01-12 23:55:00;19.1;66.0;24.1;40.0;0.0;94.0;10;4;115.0;mid;1.4780673072219728;0.57434
2022-01-13 00:00:00;19.1;66.0;24.1;40.0;0.0;94.0;10;4;120.0;mid;1.4780673072219728;0.57434
2022-01-13 00:05:00;18.9;68.0;24.1;40.0;0.0;94.0;10;4;125.0;mid;1.503608417449956;0.57434
2022-01-13 00:10:00;18.9;68.0;24.1;40.0;0.0;94.0;10;4;130.0;mid;1.503608417449956;0.57434
2022-01-13 00:15:00;18.9;68.0;24.1;40.0;0.0;94.0;10;4;135.0;mid;1.503608417449956;0.57434
2022-01-13 00:20:00;18.9;68.0;24.1;40.0;0.0;94.0;10;4;140.0;mid;1.503608417449956;0.57434
2022-01-13 00:25:00;18.9;68.0;24.1;40.0;0.0;94.0;10;4;145.0;mid;1.503608417449956;0.57434
2022-01-13 00:30:00;18.9;68.0;24.1;40.0;-1.0;94.0;10;4;150.0;mid;1.503608417449956;0.5338903174996253
2022-01-13 00:35:00;18.9;68.0;24.1;40.0;-1.0;94.0;10;4;155.0;mid;1.503608417449956;0.5338903174996253
2022-01-13 00:40:00;18.8;69.0;24.1;40.0;-1.0;94.0;10;4;160.0;mid;1.5160372296900235;0.5338903174996253
2022-01-13 00:45:00;18.8;69.0;24.1;40.0;-1.0;94.0;10;4;165.0;mid;1.5160372296900235;0.5338903174996253
2022-01-13 00:50:00;18.9;69.0;24.1;40.0;-1.0;95.0;10;4;170.0;mid;1.525720305941867;0.5395700017283448
2022-01-13 00:55:00;18.9;69.0;24.1;40.0;-1.0;95.0;10;4;175.0;mid;1.525720305941867;0.5395700017283448
2022-01-13 01:00:00;18.9;69.0;24.1;40.0;-1.0;95.0;10;4;180.0;mid;1.525720305941867;0.5395700017283448
2022-01-13 01:05:00;18.9;69.0;24.1;40.0;-1.0;95.0;10;4;185.0;mid;1.525720305941867;0.5395700017283448
2022-01-13 01:10:00;19.1;69.0;24.1;40.0;-1.0;95.0;10;4;190.0;mid;1.5452521848229714;0.5395700017283448
2022-01-13 01:15:00;19.1;69.0;24.1;40.0;-1.0;95.0;10;4;195.0;mid;1.5452521848229714;0.5395700017283448
2022-01-13 01:20:00;19.1;69.0;24.1;40.0;-1.0;95.0;10;4;200.0;mid;1.5452521848229714;0.5395700017283448
2022-01-13 01:25:00;19.2;69.0;24.1;40.0;-1.0;95.0;10;4;205.0;mid;1.5551015360517206;0.5395700017283448
2022-01-13 01:30:00;19.2;69.0;24.1;40.0;-1.0;95.0;10;4;210.0;mid;1.5551015360517206;0.5395700017283448
2022-01-13 01:35:00;19.2;69.0;24.1;40.0;-1.0;95.0;10;4;215.0;mid;1.5551015360517206;0.5395700017283448
2022-01-13 01:40:00;19.2;69.0;24.1;40.0;-1.0;95.0;10;4;220.0;mid;1.5551015360517206;0.5395700017283448
2022-01-13 01:45:00;19.2;69.0;24.1;40.0;-1.0;95.0;10;4;225.0;mid;1.5551015360517206;0.5395700017283448
2022-01-13 01:50:00;19.2;69.0;24.1;40.0;-1.0;95.0;10;4;230.0;mid;1.5551015360517206;0.5395700017283448
2022-01-13 01:55:00;19.2;68.0;24.1;40.0;-1.0;95.0;10;4;235.0;mid;1.5325638326306814;0.5395700017283448
2022-01-13 02:00:00;19.2;68.0;24.1;40.0;-1.0;95.0;10;4;240.0;mid;1.5325638326306814;0.5395700017283448
2022-01-13 02:05:00;19.2;68.0;24.1;40.0;-1.0;95.0;10;4;245.0;mid;1.5325638326306814;0.5395700017283448
2022-01-13 02:10:00;19.2;68.0;24.1;40.0;-1.0;95.0;10;4;250.0;mid;1.5325638326306814;0.5395700017283448
2022-01-13 02:15:00;19.2;68.0;24.1;40.0;-1.0;95.0;10;4;255.0;mid;1.5325638326306814;0.5395700017283448
2022-01-13 02:20:00;19.2;68.0;24.1;40.0;-1.0;95.0;10;4;260.0;mid;1.5325638326306814;0.5395700017283448
2022-01-13 02:25:00;19.2;68.0;24.1;40.0;-1.0;95.0;10;4;265.0;mid;1.5325638326306814;0.5395700017283448
2022-01-13 02:30:00;19.2;68.0;24.1;40.0;-1.0;95.0;10;4;270.0;mid;1.5325638326306814;0.5395700017283448
2022-01-13 02:35:00;19.2;68.0;24.1;40.0;-1.0;95.0;10;4;275.0;mid;1.5325638326306814;0.5395700017283448
2022-01-13 02:40:00;19.2;68.0;24.1;40.0;-1.0;95.0;10;4;280.0;mid;1.5325638326306814;0.5395700017283448
2022-01-13 02:45:00;19.2;68.0;24.1;40.0;-1.0;95.0;10;4;285.0;mid;1.5325638326306814;0.5395700017283448
2022-01-13 02:50:00;19.2;68.0;24.1;40.0;-1.0;95.0;10;4;290.0;mid;1.5325638326306814;0.5395700017283448
2022-01-12 21:35:00;20.7;59.0;24.1;40.0;1.0;89.0;11;2;0.0;mid;1.4619312373139874;0.5846779626531773
2022-01-12 21:40:00;20.7;48.0;24.1;40.0;1.0;89.0;11;2;5.0;mid;1.1893677862893457;0.5846779626531773
2022-01-12 21:45:00;13.1;48.0;24.1;40.0;2.0;89.0;11;2;10.0;mid;0.7282801373532093;0.6283089520668481
2022-01-12 21:50:00;13.1;48.0;24.1;40.0;2.0;88.0;11;2;15.0;mid;0.7282801373532093;0.6212493009200295
2022-01-12 21:55:00;8.9;56.0;24.1;40.0;2.0;88.0;11;2;20.0;mid;0.6406153062115715;0.6212493009200295
2022-01-12 22:00:00;8.9;56.0;24.1;40.0;2.0;87.0;11;2;25.0;mid;0.6406153062115715;0.614189649773211
2022-01-13 22:15:00;20.5;89.0;22.7;31.0;0.0;98.0;12;2;0.0;mid;2.1777125236578976;0.59878
2022-01-13 22:20:00;20.5;89.0;22.7;31.0;0.0;98.0;12;2;5.0;mid;2.1777125236578976;0.59878
2022-01-13 22:25:00;16.1;89.0;22.7;31.0;0.0;98.0;12;2;10.0;mid;1.6438837425703667;0.59878
2022-01-13 22:30:00;16.1;89.0;22.7;31.0;0.0;98.0;12;2;15.0;mid;1.6438837425703667;0.59878
2022-01-13 22:35:00;16.1;89.0;22.7;31.0;0.0;98.0;12;2;20.0;mid;1.6438837425703667;0.59878
2022-01-13 22:40:00;13.7;89.0;22.7;31.0;0.0;98.0;12;2;25.0;mid;1.4049958017873585;0.59878
2022-01-13 22:45:00;13.7;89.0;22.7;31.0;0.0;98.0;12;2;30.0;mid;1.4049958017873585;0.59878
2022-01-14 07:10:00;19.3;66.0;21.7;42.0;-1.0;98.0;13;1;0.0;mid;1.4969630861367529;0.556609054414503
2022-01-14 07:15:00;19.0;66.0;21.7;42.0;-1.0;98.0;13;1;5.0;mid;1.4686994664210935;0.556609054414503
2022-01-14 19:00:00;17.1;75.0;21.7;45.0;0.0;98.0;14;2;0.0;mid;1.4778296005111549;0.59878
2022-01-14 19:05:00;17.1;75.0;21.7;45.0;0.0;98.0;14;2;5.0;mid;1.4778296005111549;0.59878
2022-01-14 19:10:00;11.8;52.0;21.7;45.0;0.0;98.0;14;2;10.0;mid;0.7235768585154022;0.59878
2022-01-14 19:15:00;11.8;52.0;21.7;45.0;0.0;98.0;14;2;15.0;mid;0.7235768585154022;0.59878
2022-01-14 19:20:00;11.8;60.0;21.7;45.0;0.0;98.0;14;2;20.0;mid;0.8348963752100794;0.59878
2022-01-14 19:25:00;11.8;60.0;21.7;45.0;0.0;98.0;14;2;25.0;mid;0.8348963752100794;0.59878
2022-01-14 19:30:00;8.0;62.0;21.7;45.0;0.0;98.0;14;2;30.0;mid;0.6668716765032149;0.59878
2022-01-14 19:35:00;8.0;62.0;21.7;45.0;-1.0;98.0;14;2;35.0;mid;0.6668716765032149;0.556609054414503
2022-01-15 14:20:00;18.2;72.0;22.3;36.0;1.0;98.0;16;2;0.0;mid;1.5225200920242987;0.643802700449566
2022-01-15 14:25:00;20.0;72.0;22.3;36.0;1.0;98.0;16;2;5.0;mid;1.7070624955505012;0.643802700449566
2022-01-15 14:30:00;20.0;72.0;22.3;36.0;1.0;98.0;16;2;10.0;mid;1.7070624955505012;0.643802700449566
2022-01-15 14:35:00;14.8;59.0;22.3;36.0;1.0;98.0;16;2;15.0;mid;1.0012320703332676;0.643802700449566
2022-01-15 15:25:00;17.0;72.0;22.2;36.0;1.0;98.0;17;4;0.0;mid;1.40960070689556;0.643802700449566
2022-01-15 15:30:00;17.0;72.0;22.2;36.0;1.0;98.0;17;4;5.0;mid;1.40960070689556;0.643802700449566
2022-01-15 15:35:00;17.0;72.0;22.2;36.0;1.0;98.0;17;4;10.0;mid;1.40960070689556;0.643802700449566
2022-01-15 17:45:00;19.0;75.0;22.2;47.0;1.0;98.0;18;2;0.0;mid;1.6689766663876062;0.643802700449566
2022-01-15 17:50:00;19.0;58.0;22.2;47.0;1.0;98.0;18;2;5.0;mid;1.290675288673082;0.643802700449566
2022-01-15 17:55:00;19.0;58.0;22.2;47.0;1.0;98.0;18;2;10.0;mid;1.290675288673082;0.643802700449566
2022-01-15 18:00:00;19.0;60.0;22.2;47.0;1.0;98.0;18;2;15.0;mid;1.3351813331100848;0.643802700449566
2022-01-15 18:05:00;19.0;60.0;22.2;58.0;1.0;98.0;18;2;20.0;mid;1.3351813331100848;0.643802700449566
2022-01-15 18:10:00;19.0;66.0;22.2;58.0;1.0;98.0;18;2;25.0;mid;1.4686994664210935;0.643802700449566
2022-01-15 18:40:00;12.2;91.0;22.2;57.0;1.0;98.0;19;2;0.0;mid;1.300531929704357;0.643802700449566
2022-01-15 18:45:00;11.6;91.0;22.2;57.0;1.0;98.0;19;2;5.0;mid;1.2494283059677196;0.643802700449566
2022-01-16 21:15:00;19.3;69.0;23.0;82.0;3.0;89.0;20;4;0.0;mid;1.565006862779332;0.6748438175867872
2022-01-16 21:20:00;19.0;69.0;23.0;82.0;3.0;89.0;20;4;5.0;mid;1.5354585330765975;0.6748438175867872
2022-01-16 21:25:00;19.0;69.0;23.0;82.0;3.0;89.0;20;4;10.0;mid;1.5354585330765975;0.6748438175867872
2022-01-16 21:30:00;18.1;61.0;23.0;82.0;3.0;88.0;20;4;15.0;mid;1.2816870593743228;0.6672613027824412
2022-01-16 21:35:00;18.1;61.0;23.0;82.0;3.0;88.0;20;4;20.0;mid;1.2816870593743228;0.6672613027824412
2022-01-16 21:40:00;18.1;60.0;23.0;82.0;3.0;88.0;20;4;25.0;mid;1.2606757961058914;0.6672613027824412
2022-01-16 22:15:00;18.8;91.0;23.0;82.0;3.0;89.0;21;4;0.0;mid;1.9994114188665533;0.6748438175867872
2022-01-17 20:40:00;20.2;86.0;23.0;82.0;5.0;89.0;22;2;0.0;mid;2.0648971613304443;0.7773088508110542
2022-01-17 20:45:00;20.2;57.0;23.0;82.0;5.0;89.0;22;2;5.0;mid;1.3685946301841316;0.7773088508110542
2022-01-17 20:50:00;20.2;57.0;23.0;82.0;5.0;90.0;22;2;10.0;mid;1.3685946301841316;0.7860426581235379
2022-01-17 20:55:00;20.2;56.0;23.0;82.0;5.0;90.0;22;2;15.0;mid;1.3445841980756383;0.7860426581235379
2022-01-17 21:00:00;15.1;56.0;23.0;82.0;5.0;90.0;22;2;20.0;mid;0.9691526122713524;0.7860426581235379
2022-01-17 21:05:00;15.1;56.0;23.0;82.0;5.0;90.0;22;2;25.0;mid;0.9691526122713524;0.7860426581235379
2022-01-17 21:10:00;14.3;57.0;23.0;82.0;5.0;89.0;22;2;30.0;mid;0.9360859138031198;0.7773088508110542
2022-01-18 21:45:00;22.7;83.0;23.0;82.0;6.0;77.0;23;2;0.0;mid;2.3301849816185025;0.7212061897355199
2022-01-18 21:50:00;22.7;60.0;23.0;82.0;6.0;78.0;24;4;0.0;mid;1.68447107104952;0.7305725038879292
2022-01-18 21:55:00;22.7;60.0;23.0;82.0;6.0;79.0;24;4;5.0;mid;1.68447107104952;0.7399388180403386
2022-01-18 22:00:00;22.7;63.0;23.0;82.0;6.0;79.0;24;4;10.0;mid;1.768694624601996;0.7399388180403386
2022-01-18 22:05:00;18.2;63.0;23.0;82.0;6.0;78.0;24;4;15.0;mid;1.3322050805212615;0.7305725038879292
2022-01-18 22:10:00;18.2;63.0;23.0;82.0;6.0;79.0;24;4;20.0;mid;1.3322050805212615;0.7399388180403386
2022-01-18 22:15:00;18.3;59.0;23.0;82.0;6.0;80.0;24;4;25.0;mid;1.255622275760348;0.749305132192748
2022-01-18 22:20:00;18.3;59.0;23.0;82.0;6.0;80.0;24;4;30.0;mid;1.255622275760348;0.749305132192748
2022-01-18 22:25:00;17.2;54.0;23.0;82.0;6.0;79.0;24;4;35.0;mid;1.070913549637295;0.7399388180403386
2022-01-18 22:30:00;17.2;54.0;23.0;82.0;6.0;79.0;24;4;40.0;mid;1.070913549637295;0.7399388180403386
2022-01-18 22:35:00;16.3;54.0;23.0;82.0;6.0;80.0;24;4;45.0;mid;1.0104312874106618;0.749305132192748
2022-01-18 22:40:00;16.3;54.0;23.0;82.0;6.0;80.0;24;4;50.0;mid;1.0104312874106618;0.749305132192748
2022-01-18 23:05:00;16.3;56.0;23.0;82.0;6.0;80.0;25;4;0.0;mid;1.0478546684258716;0.749305132192748
2022-01-18 23:10:00;19.8;80.0;23.0;82.0;6.0;80.0;25;4;5.0;mid;1.872907675539124;0.749305132192748
2022-01-18 23:15:00;19.8;80.0;23.0;82.0;6.0;80.0;25;4;10.0;mid;1.872907675539124;0.749305132192748
2022-01-18 23:20:00;19.8;68.0;23.0;82.0;6.0;81.0;25;4;15.0;mid;1.5919715242082548;0.7586714463451573
2022-01-18 23:25:00;19.8;68.0;23.0;82.0;6.0;81.0;25;4;20.0;mid;1.5919715242082548;0.7586714463451573
2022-01-18 23:30:00;17.1;68.0;23.0;82.0;6.0;82.0;25;4;25.0;mid;1.3398988377967804;0.7680377604975666
2022-01-18 23:35:00;17.1;68.0;23.0;82.0;6.0;82.0;25;4;30.0;mid;1.3398988377967804;0.7680377604975666
2022-01-18 23:40:00;17.1;61.0;23.0;82.0;6.0;82.0;25;4;35.0;mid;1.2019680750824058;0.7680377604975666
2022-01-18 23:45:00;17.1;61.0;23.0;82.0;5.0;83.0;25;4;40.0;mid;1.2019680750824058;0.7249060069361516
2022-01-18 23:50:00;17.1;58.0;23.0;82.0;5.0;83.0;25;4;45.0;mid;1.1428548910619596;0.7249060069361516
2022-01-18 23:55:00;16.2;58.0;23.0;82.0;5.0;83.0;25;4;50.0;mid;1.078266287456156;0.7249060069361516
2022-01-19 00:00:00;16.2;58.0;23.0;82.0;5.0;83.0;25;4;55.0;mid;1.078266287456156;0.7249060069361516
2022-01-19 00:05:00;16.0;58.0;23.0;82.0;5.0;83.0;25;4;60.0;mid;1.0643640523515547;0.7249060069361516
2022-01-19 00:10:00;16.0;58.0;23.0;82.0;5.0;83.0;25;4;65.0;mid;1.0643640523515547;0.7249060069361516
2022-01-19 00:15:00;15.9;55.0;23.0;82.0;5.0;84.0;25;4;70.0;mid;1.0027762830085225;0.7336398142486353
2022-01-19 00:20:00;15.9;55.0;23.0;82.0;5.0;83.0;25;4;75.0;mid;1.0027762830085225;0.7249060069361516
2022-01-19 00:25:00;15.7;54.0;23.0;82.0;5.0;83.0;25;4;80.0;mid;0.9718239115226608;0.7249060069361516
2022-01-19 00:30:00;15.7;54.0;23.0;82.0;5.0;83.0;25;4;85.0;mid;0.9718239115226608;0.7249060069361516
2022-01-19 00:35:00;15.5;54.0;23.0;82.0;5.0;82.0;25;4;90.0;mid;0.9592508812580414;0.7161721996236678
2022-01-19 00:40:00;15.5;54.0;23.0;82.0;5.0;81.0;25;4;95.0;mid;0.9592508812580414;0.7074383923111842
2022-01-19 00:45:00;15.5;54.0;23.0;82.0;5.0;82.0;25;4;100.0;mid;0.9592508812580414;0.7161721996236678
2022-01-19 00:50:00;15.2;54.0;23.0;82.0;5.0;82.0;25;4;105.0;mid;0.9406637951376317;0.7161721996236678
2022-01-19 00:55:00;15.2;54.0;23.0;82.0;5.0;81.0;25;4;110.0;mid;0.9406637951376317;0.7074383923111842
2022-01-19 01:00:00;15.2;51.0;23.0;82.0;5.0;80.0;25;4;115.0;mid;0.8884046954077632;0.6987045849987004
2022-01-19 01:05:00;15.2;51.0;23.0;82.0;5.0;80.0;25;4;120.0;mid;0.8884046954077632;0.6987045849987004
2022-01-19 01:10:00;15.1;51.0;23.0;82.0;5.0;80.0;25;4;125.0;mid;0.8826211290328388;0.6987045849987004
2022-01-19 01:15:00;15.1;51.0;23.0;82.0;5.0;80.0;25;4;130.0;mid;0.8826211290328388;0.6987045849987004
2022-01-19 01:20:00;15.2;51.0;23.0;82.0;5.0;80.0;25;4;135.0;mid;0.8884046954077632;0.6987045849987004
2022-01-19 01:25:00;15.2;51.0;23.0;82.0;5.0;80.0;25;4;140.0;mid;0.8884046954077632;0.6987045849987004
2022-01-19 01:30:00;15.2;52.0;23.0;82.0;5.0;81.0;25;4;145.0;mid;0.9058243953177194;0.7074383923111842
2022-01-19 01:35:00;15.2;52.0;23.0;82.0;5.0;82.0;25;4;150.0;mid;0.9058243953177194;0.7161721996236678
2022-01-19 01:40:00;15.2;52.0;23.0;82.0;5.0;81.0;25;4;155.0;mid;0.9058243953177194;0.7074383923111842
2022-01-19 01:45:00;15.2;52.0;23.0;82.0;5.0;81.0;25;4;160.0;mid;0.9058243953177194;0.7074383923111842
2022-01-19 01:50:00;15.2;52.0;23.0;82.0;5.0;81.0;25;4;165.0;mid;0.9058243953177194;0.7074383923111842
2022-01-19 01:55:00;15.1;51.0;23.0;82.0;5.0;80.0;25;4;170.0;mid;0.8826211290328388;0.6987045849987004
2022-01-19 02:00:00;15.1;51.0;23.0;82.0;5.0;80.0;25;4;175.0;mid;0.8826211290328388;0.6987045849987004
2022-01-19 02:05:00;15.1;51.0;23.0;82.0;5.0;79.0;25;4;180.0;mid;0.8826211290328388;0.6899707776862166
2022-01-19 02:10:00;15.1;51.0;23.0;82.0;5.0;80.0;25;4;185.0;mid;0.8826211290328388;0.6987045849987004
2022-01-19 02:15:00;15.0;50.0;23.0;82.0;5.0;80.0;25;4;190.0;mid;0.8596776831559736;0.6987045849987004
2022-01-19 02:20:00;15.0;50.0;23.0;82.0;5.0;80.0;25;4;195.0;mid;0.8596776831559736;0.6987045849987004
2022-01-19 02:25:00;14.6;50.0;23.0;82.0;5.0;80.0;25;4;200.0;mid;0.8374558731537577;0.6987045849987004
2022-01-19 02:30:00;14.6;50.0;23.0;82.0;5.0;80.0;25;4;205.0;mid;0.8374558731537577;0.6987045849987004
2022-01-19 02:35:00;14.6;50.0;23.0;82.0;5.0;80.0;25;4;210.0;mid;0.8374558731537577;0.6987045849987004
2022-01-19 02:40:00;14.6;50.0;23.0;82.0;5.0;79.0;25;4;215.0;mid;0.8374558731537577;0.6899707776862166
2022-01-19 02:45:00;14.6;50.0;23.0;82.0;5.0;79.0;25;4;220.0;mid;0.8374558731537577;0.6899707776862166
2022-01-19 02:50:00;14.6;49.0;23.0;82.0;5.0;79.0;25;4;225.0;mid;0.8207067556906825;0.6899707776862166
2022-01-19 02:55:00;14.6;49.0;23.0;82.0;5.0;80.0;25;4;230.0;mid;0.8207067556906825;0.6987045849987004
2022-01-19 03:00:00;14.4;50.0;23.0;82.0;5.0;80.0;25;4;235.0;mid;0.8265387141221182;0.6987045849987004
2022-01-19 03:05:00;14.4;50.0;23.0;82.0;5.0;80.0;25;4;240.0;mid;0.8265387141221182;0.6987045849987004
2022-01-19 03:10:00;14.2;50.0;23.0;82.0;5.0;80.0;25;4;245.0;mid;0.8157489639094085;0.6987045849987004
2022-01-19 03:15:00;14.2;50.0;23.0;82.0;5.0;80.0;25;4;250.0;mid;0.8157489639094085;0.6987045849987004
2022-01-19 03:20:00;14.1;50.0;23.0;82.0;5.0;81.0;25;4;255.0;mid;0.8104014597401121;0.7074383923111842
2022-01-19 03:25:00;14.1;50.0;23.0;82.0;5.0;81.0;25;4;260.0;mid;0.8104014597401121;0.7074383923111842
2022-01-19 03:30:00;14.1;50.0;23.0;82.0;5.0;82.0;25;4;265.0;mid;0.8104014597401121;0.7161721996236678
2022-01-19 03:35:00;14.1;50.0;23.0;82.0;4.0;82.0;25;4;270.0;mid;0.8104014597401121;0.6674720764707546
2022-01-19 03:40:00;14.1;50.0;23.0;82.0;4.0;81.0;25;4;275.0;mid;0.8104014597401121;0.65933217309916
2022-01-19 03:45:00;14.1;49.0;23.0;82.0;4.0;81.0;25;4;280.0;mid;0.7941934305453099;0.65933217309916
2022-01-19 03:50:00;14.1;49.0;23.0;82.0;4.0;83.0;25;4;285.0;mid;0.7941934305453099;0.6756119798423491
2022-01-19 03:55:00;14.1;49.0;23.0;82.0;4.0;82.0;25;4;290.0;mid;0.7941934305453099;0.6674720764707546
2022-01-19 04:00:00;14.1;49.0;23.0;82.0;4.0;82.0;25;4;295.0;mid;0.7941934305453099;0.6674720764707546
2022-01-19 04:05:00;13.2;49.0;23.0;82.0;4.0;82.0;25;4;300.0;mid;0.7483928384532166;0.6674720764707546
2022-01-19 04:10:00;13.2;49.0;23.0;82.0;4.0;82.0;25;4;305.0;mid;0.7483928384532166;0.6674720764707546
2022-01-19 04:15:00;13.1;49.0;23.0;82.0;4.0;82.0;25;4;310.0;mid;0.7434526402147346;0.6674720764707546
2022-01-19 04:20:00;13.1;49.0;23.0;82.0;4.0;82.0;25;4;315.0;mid;0.7434526402147346;0.6674720764707546
2022-01-19 04:25:00;13.1;49.0;23.0;82.0;4.0;82.0;25;4;320.0;mid;0.7434526402147346;0.6674720764707546
2022-01-19 04:30:00;13.1;49.0;23.0;82.0;4.0;83.0;25;4;325.0;mid;0.7434526402147346;0.6756119798423491
2022-01-19 04:35:00;13.1;49.0;23.0;82.0;3.0;83.0;25;4;330.0;mid;0.7434526402147346;0.6293487287607116
2022-01-19 04:40:00;13.1;49.0;23.0;82.0;3.0;84.0;25;4;335.0;mid;0.7434526402147346;0.6369312435650576
2022-01-19 04:45:00;13.1;49.0;23.0;82.0;3.0;84.0;25;4;340.0;mid;0.7434526402147346;0.6369312435650576
2022-01-19 04:50:00;12.9;49.0;23.0;82.0;3.0;85.0;25;4;345.0;mid;0.733659663009899;0.6445137583694035
2022-01-19 04:55:00;12.9;49.0;23.0;82.0;3.0;86.0;25;4;350.0;mid;0.733659663009899;0.6520962731737494
2022-01-19 05:00:00;12.7;49.0;23.0;82.0;3.0;86.0;25;4;355.0;mid;0.7239822411665308;0.6520962731737494
2022-01-19 05:05:00;12.7;49.0;23.0;82.0;3.0;86.0;25;4;360.0;mid;0.7239822411665308;0.6520962731737494
2022-01-19 05:10:00;12.7;49.0;23.0;82.0;2.0;86.0;25;4;365.0;mid;0.7239822411665308;0.6071299986263925
2022-01-19 05:15:00;12.7;49.0;23.0;82.0;2.0;87.0;25;4;370.0;mid;0.7239822411665308;0.614189649773211
2022-01-19 05:20:00;12.7;49.0;23.0;82.0;2.0;88.0;25;4;375.0;mid;0.7239822411665308;0.6212493009200295
2022-01-19 05:25:00;12.7;49.0;23.0;82.0;2.0;88.0;25;4;380.0;mid;0.7239822411665308;0.6212493009200295
2022-01-19 05:30:00;12.7;49.0;23.0;82.0;2.0;88.0;25;4;385.0;mid;0.7239822411665308;0.6212493009200295
2022-01-19 05:35:00;12.6;48.0;23.0;82.0;2.0;88.0;25;4;390.0;mid;0.7045092143047271;0.6212493009200295
2022-01-19 05:40:00;12.6;48.0;23.0;82.0;2.0;87.0;25;4;395.0;mid;0.7045092143047271;0.614189649773211
2022-01-19 05:45:00;12.6;49.0;23.0;82.0;2.0;88.0;25;4;400.0;mid;0.7191864896027422;0.6212493009200295
2022-01-19 05:50:00;12.6;49.0;23.0;82.0;2.0;88.0;25;4;405.0;mid;0.7191864896027422;0.6212493009200295
2022-01-19 05:55:00;12.5;49.0;23.0;82.0;2.0;88.0;25;4;410.0;mid;0.7144191795085317;0.6212493009200295
2022-01-19 06:00:00;12.5;49.0;23.0;82.0;1.0;90.0;25;4;415.0;mid;0.7144191795085317;0.5912473779638872
2022-01-19 06:05:00;12.5;49.0;23.0;82.0;1.0;90.0;25;4;420.0;mid;0.7144191795085317;0.5912473779638872
2022-01-19 06:10:00;12.5;49.0;23.0;82.0;1.0;90.0;25;4;425.0;mid;0.7144191795085317;0.5912473779638872
2022-01-19 06:15:00;12.5;49.0;23.0;82.0;1.0;90.0;25;4;430.0;mid;0.7144191795085317;0.5912473779638872
2022-01-19 07:20:00;16.0;58.0;23.0;82.0;1.0;91.0;26;1;0.0;mid;1.0643640523515547;0.597816793274597
2022-01-20 21:00:00;22.2;48.0;23.0;82.0;;;27;2;0.0;mid;1.306360679182317;
2022-01-20 21:05:00;22.2;45.0;23.0;82.0;;;27;2;5.0;mid;1.2247131367334223;
2022-01-20 21:10:00;22.2;45.0;23.0;82.0;;;27;2;10.0;mid;1.2247131367334223;
2022-01-20 21:15:00;22.2;45.0;23.0;82.0;;;27;2;15.0;mid;1.2247131367334223;
2022-01-20 21:20:00;10.0;45.0;23.0;82.0;;;27;2;20.0;mid;0.5547480006838692;
2022-01-20 21:25:00;10.0;45.0;23.0;51.0;;;27;2;25.0;mid;0.5547480006838692;
2022-01-21 18:15:00;21.7;75.0;21.8;47.0;;;28;2;0.0;mid;1.978549431630913;
2022-01-21 18:20:00;21.7;47.0;21.8;47.0;;;28;2;5.0;mid;1.2398909771553723;
2022-01-21 18:25:00;16.0;47.0;21.8;47.0;;;28;2;10.0;mid;0.8625019044917771;
2022-01-21 18:30:00;16.0;47.0;21.8;47.0;;;28;2;15.0;mid;0.8625019044917771;
2022-01-21 18:35:00;16.0;51.0;21.8;47.0;;;28;2;20.0;mid;0.9359063218953328;
2022-01-21 18:40:00;16.0;51.0;21.7;48.0;;;28;2;25.0;mid;0.9359063218953328;
2022-01-21 18:55:00;16.7;51.0;21.7;48.0;;;30;2;0.0;mid;0.9793179991605346;
2022-01-21 19:00:00;16.7;51.0;21.7;48.0;;;30;2;5.0;mid;0.9793179991605346;
2022-01-21 19:05:00;10.6;54.0;21.7;48.0;;;30;2;10.0;mid;0.6932404185514012;
2022-01-21 19:10:00;10.6;54.0;21.7;48.0;;;30;2;15.0;mid;0.6932404185514012;
2022-01-21 19:15:00;10.6;58.0;21.7;48.0;;;30;2;20.0;mid;0.7445915606663197;
2022-01-21 19:20:00;9.1;58.0;21.7;48.0;;;30;2;25.0;mid;0.6726055843737545;
2022-01-21 19:25:00;9.1;58.0;21.3;48.0;;;30;2;30.0;mid;0.6726055843737545;
2022-01-21 19:30:00;9.1;58.0;21.3;48.0;;;30;2;35.0;mid;0.6726055843737545;
2022-01-21 19:35:00;9.1;58.0;21.3;48.0;;;30;2;40.0;mid;0.6726055843737545;
2022-01-21 19:40:00;8.5;59.0;21.3;48.0;;;30;2;45.0;mid;0.6567342459285076;
2022-01-21 19:45:00;8.5;59.0;21.3;48.0;;;30;2;50.0;mid;0.6567342459285076;
2022-01-21 19:50:00;9.0;59.0;21.3;48.0;;;30;2;55.0;mid;0.6795539504096126;
2022-01-21 19:55:00;9.0;59.0;21.3;48.0;;;30;2;60.0;mid;0.6795539504096126;
2022-01-21 20:00:00;9.3;57.0;21.3;48.0;;;30;2;65.0;mid;0.6700730162081979;
2022-01-21 20:05:00;9.3;57.0;21.3;48.0;;;30;2;70.0;mid;0.6700730162081979;
2022-01-21 20:10:00;9.3;56.0;21.3;48.0;;;30;2;75.0;mid;0.658317349257177;
2022-01-21 20:15:00;9.3;56.0;21.3;48.0;;;30;2;80.0;mid;0.658317349257177;
2022-01-21 20:20:00;9.3;56.0;21.7;48.0;;;30;2;85.0;mid;0.658317349257177;
2022-01-21 20:25:00;9.3;57.0;21.7;48.0;;;30;2;90.0;mid;0.6700730162081979;
2022-01-21 20:30:00;9.3;57.0;21.8;48.0;;;30;2;95.0;mid;0.6700730162081979;
2022-01-21 20:35:00;9.6;57.0;21.8;48.0;;;30;2;100.0;mid;0.6838779945051865;
2022-01-21 20:40:00;9.6;57.0;21.8;48.0;;;30;2;105.0;mid;0.6838779945051865;
2022-01-21 20:45:00;9.6;57.0;21.8;48.0;;;30;2;110.0;mid;0.6838779945051865;
2022-01-21 20:50:00;9.6;57.0;21.8;46.0;;;30;2;115.0;mid;0.6838779945051865;
2022-01-21 20:55:00;9.6;57.0;21.8;46.0;;;30;2;120.0;mid;0.6838779945051865;
2022-01-21 21:00:00;9.6;57.0;21.8;47.0;;;30;2;125.0;mid;0.6838779945051865;
2022-01-23 20:45:00;23.9;51.0;22.8;83.0;;;31;2;0.0;mid;1.5419637442389516;
2022-01-23 20:50:00;23.9;51.0;25.3;90.0;;;31;2;5.0;mid;1.5419637442389516;
2022-01-23 20:55:00;23.9;51.0;25.3;90.0;;;31;2;10.0;mid;1.5419637442389516;
2022-01-23 21:00:00;23.9;51.0;25.3;90.0;;;31;2;15.0;mid;1.5419637442389516;
2022-01-23 21:30:00;20.4;51.0;23.2;57.0;;;32;2;0.0;mid;1.2400686502931977;
2022-01-23 21:35:00;20.4;51.0;21.4;50.0;;;32;2;5.0;mid;1.2400686502931977;
2022-01-23 22:10:00;20.1;76.0;20.3;50.0;;;33;4;0.0;mid;1.813313846646715;
2022-01-23 22:15:00;20.1;76.0;20.3;50.0;;;33;4;5.0;mid;1.813313846646715;
2022-01-23 22:20:00;20.1;76.0;20.3;59.0;;;33;4;10.0;mid;1.813313846646715;
2022-01-23 22:25:00;18.6;76.0;20.3;59.0;;;33;4;15.0;mid;1.6486883113936528;
2022-01-23 22:30:00;18.6;76.0;21.3;59.0;;;33;4;20.0;mid;1.6486883113936528;
2022-01-23 22:35:00;18.6;76.0;21.3;59.0;;;33;4;25.0;mid;1.6486883113936528;
2022-01-23 22:40:00;18.6;76.0;21.3;59.0;;;33;4;30.0;mid;1.6486883113936528;
2022-01-23 22:45:00;17.3;76.0;21.3;59.0;;;33;4;35.0;mid;1.5169451386359598;
2022-01-23 22:50:00;17.3;76.0;21.3;59.0;;;33;4;40.0;mid;1.5169451386359598;
2022-01-23 22:55:00;17.0;49.0;21.3;59.0;;;33;4;45.0;mid;0.9593115921928118;
2022-01-23 23:00:00;17.0;49.0;21.3;59.0;;;33;4;50.0;mid;0.9593115921928118;
2022-01-23 23:05:00;17.0;49.0;21.5;59.0;;;33;4;55.0;mid;0.9593115921928118;
2022-01-23 23:10:00;16.6;49.0;21.5;59.0;;;33;4;60.0;mid;0.9348510450413018;
2022-01-23 23:15:00;16.6;49.0;21.5;61.0;;;33;4;65.0;mid;0.9348510450413018;
2022-01-23 23:20:00;16.6;49.0;21.5;61.0;;;33;4;70.0;mid;0.9348510450413018;
2022-01-23 23:25:00;16.6;49.0;21.4;62.0;;;33;4;75.0;mid;0.9348510450413018;
2022-01-23 23:30:00;16.1;49.0;21.4;62.0;;;33;4;80.0;mid;0.905059588606157;
2022-01-23 23:35:00;16.1;49.0;21.3;62.0;;;33;4;85.0;mid;0.905059588606157;
2022-01-23 23:40:00;15.9;47.0;21.3;62.0;;;33;4;90.0;mid;0.856917914570919;
2022-01-23 23:45:00;15.9;47.0;21.3;62.0;;;33;4;95.0;mid;0.856917914570919;
2022-01-23 23:50:00;15.9;47.0;21.3;62.0;;;33;4;100.0;mid;0.856917914570919;
2022-01-23 23:55:00;15.9;47.0;21.3;62.0;;;33;4;105.0;mid;0.856917914570919;
2022-01-24 00:00:00;15.9;47.0;21.3;63.0;;;33;4;110.0;mid;0.856917914570919;
2022-01-24 00:05:00;15.4;47.0;21.3;63.0;;;33;4;115.0;mid;0.8294795371854228;
2022-01-24 00:10:00;15.4;47.0;21.3;63.0;;;33;4;120.0;mid;0.8294795371854228;
2022-01-24 00:15:00;15.4;47.0;21.3;63.0;;;33;4;125.0;mid;0.8294795371854228;
2022-01-24 00:20:00;15.4;47.0;21.3;63.0;;;33;4;130.0;mid;0.8294795371854228;
2022-01-24 00:25:00;15.4;47.0;21.3;63.0;;;33;4;135.0;mid;0.8294795371854228;
2022-01-24 00:30:00;15.4;47.0;21.3;63.0;;;33;4;140.0;mid;0.8294795371854228;
2022-01-24 00:35:00;14.8;47.0;21.3;63.0;;;33;4;145.0;mid;0.7975916492485352;
2022-01-24 00:40:00;14.8;47.0;21.3;63.0;;;33;4;150.0;mid;0.7975916492485352;
2022-01-24 00:45:00;14.7;47.0;21.1;63.0;;;33;4;155.0;mid;0.7923848825447368;
2022-01-24 00:50:00;14.7;47.0;21.1;63.0;;;33;4;160.0;mid;0.7923848825447368;
2022-01-24 00:55:00;14.7;46.0;21.1;63.0;;;33;4;165.0;mid;0.7755256297246361;
2022-01-24 01:00:00;14.7;46.0;21.1;63.0;;;33;4;170.0;mid;0.7755256297246361;
2022-01-24 01:05:00;14.7;46.0;21.1;63.0;;;33;4;175.0;mid;0.7755256297246361;
2022-01-24 01:10:00;14.9;46.0;21.1;63.0;;;33;4;180.0;mid;0.7857475092985096;
2022-01-24 01:15:00;14.9;46.0;21.1;63.0;;;33;4;185.0;mid;0.7857475092985096;
2022-01-24 01:20:00;15.0;53.0;21.1;63.0;;;33;4;190.0;mid;0.911258344145332;
2022-01-24 01:25:00;15.0;53.0;21.1;63.0;;;33;4;195.0;mid;0.911258344145332;
2022-01-24 01:30:00;15.1;53.0;21.1;63.0;;;33;4;200.0;mid;0.9172337223282444;
2022-01-24 01:35:00;15.1;53.0;21.1;63.0;;;33;4;205.0;mid;0.9172337223282444;
2022-01-24 01:40:00;15.1;53.0;21.1;63.0;;;33;4;210.0;mid;0.9172337223282444;
2022-01-24 01:45:00;15.1;53.0;21.1;63.0;;;33;4;215.0;mid;0.9172337223282444;
2022-01-24 01:50:00;15.1;54.0;21.1;63.0;;;33;4;220.0;mid;0.934540018975947;
2022-01-24 01:55:00;15.1;54.0;21.1;63.0;;;33;4;225.0;mid;0.934540018975947;
2022-01-24 02:00:00;15.1;54.0;21.1;63.0;;;33;4;230.0;mid;0.934540018975947;
2022-01-24 02:05:00;15.1;54.0;21.1;63.0;;;33;4;235.0;mid;0.934540018975947;
2022-01-24 02:10:00;15.1;54.0;20.8;66.0;;;33;4;240.0;mid;0.934540018975947;
2022-01-24 02:15:00;14.9;55.0;20.8;66.0;;;33;4;245.0;mid;0.9394807176395223;
2022-01-24 02:20:00;14.9;55.0;20.8;66.0;;;33;4;250.0;mid;0.9394807176395223;
2022-01-24 02:25:00;14.9;54.0;20.8;66.0;;;33;4;255.0;mid;0.9223992500460764;
2022-01-24 02:30:00;14.9;54.0;20.8;66.0;;;33;4;260.0;mid;0.9223992500460764;
2022-01-24 02:35:00;14.9;54.0;20.8;66.0;;;33;4;265.0;mid;0.9223992500460764;
2022-01-24 02:40:00;14.9;54.0;20.8;66.0;;;33;4;270.0;mid;0.9223992500460764;
2022-01-24 02:45:00;14.9;54.0;20.8;67.0;;;33;4;275.0;mid;0.9223992500460764;
2022-01-24 02:50:00;14.5;54.0;20.8;67.0;;;33;4;280.0;mid;0.8985397885642168;
2022-01-24 02:55:00;14.5;54.0;20.8;67.0;;;33;4;285.0;mid;0.8985397885642168;
2022-01-24 03:00:00;14.5;54.0;20.8;67.0;;;33;4;290.0;mid;0.8985397885642168;
2022-01-24 03:05:00;14.5;54.0;20.7;67.0;;;33;4;295.0;mid;0.8985397885642168;
2022-01-24 03:10:00;14.7;54.0;20.7;67.0;;;33;4;300.0;mid;0.9103996522854424;
2022-01-24 03:15:00;14.7;54.0;20.7;67.0;;;33;4;305.0;mid;0.9103996522854424;
2022-01-24 03:20:00;14.6;54.0;20.7;67.0;;;33;4;310.0;mid;0.9044523430060584;
2022-01-24 03:25:00;14.6;54.0;20.7;67.0;;;33;4;315.0;mid;0.9044523430060584;
2022-01-24 03:30:00;14.6;54.0;20.6;67.0;;;33;4;320.0;mid;0.9044523430060584;
2022-01-24 03:35:00;14.6;54.0;20.6;67.0;;;33;4;325.0;mid;0.9044523430060584;
2022-01-24 03:40:00;14.6;54.0;20.6;67.0;;;33;4;330.0;mid;0.9044523430060584;
2022-01-24 03:45:00;14.5;54.0;20.6;67.0;;;33;4;335.0;mid;0.8985397885642168;
2022-01-24 03:50:00;14.5;54.0;20.5;68.0;;;33;4;340.0;mid;0.8985397885642168;
2022-01-24 03:55:00;14.4;54.0;20.5;68.0;;;33;4;345.0;mid;0.8926618112518877;
2022-01-24 04:00:00;14.4;54.0;20.5;68.0;;;33;4;350.0;mid;0.8926618112518877;
2022-01-24 04:05:00;14.6;55.0;20.5;68.0;;;33;4;355.0;mid;0.9212014604691336;
2022-01-24 04:10:00;14.6;55.0;20.5;68.0;;;33;4;360.0;mid;0.9212014604691336;
2022-01-24 04:15:00;14.6;54.0;20.5;68.0;;;33;4;365.0;mid;0.9044523430060584;
2022-01-24 04:20:00;14.6;54.0;20.5;68.0;;;33;4;370.0;mid;0.9044523430060584;
2022-01-24 04:25:00;14.4;53.0;20.5;68.0;;;33;4;375.0;mid;0.8761310369694454;
2022-01-24 04:30:00;14.4;53.0;20.5;68.0;;;33;4;380.0;mid;0.8761310369694454;
2022-01-24 04:35:00;14.4;55.0;20.5;68.0;;;33;4;385.0;mid;0.90919258553433;
2022-01-24 04:40:00;14.4;55.0;20.5;68.0;;;33;4;390.0;mid;0.90919258553433;
2022-01-24 04:45:00;14.4;55.0;20.5;68.0;;;33;4;395.0;mid;0.90919258553433;
2022-01-24 04:50:00;14.7;54.0;20.5;68.0;;;33;4;400.0;mid;0.9103996522854424;
2022-01-24 04:55:00;14.7;54.0;20.5;68.0;;;33;4;405.0;mid;0.9103996522854424;
2022-01-24 05:00:00;14.7;54.0;20.5;68.0;;;33;4;410.0;mid;0.9103996522854424;
2022-01-24 05:05:00;14.7;54.0;20.5;68.0;;;33;4;415.0;mid;0.9103996522854424;
2022-01-24 05:10:00;14.7;54.0;20.5;68.0;;;33;4;420.0;mid;0.9103996522854424;
2022-01-24 05:15:00;14.7;54.0;20.5;68.0;;;33;4;425.0;mid;0.9103996522854424;
2022-01-24 05:20:00;14.6;54.0;20.5;68.0;;;33;4;430.0;mid;0.9044523430060584;
2022-01-24 05:25:00;14.6;54.0;20.5;68.0;;;33;4;435.0;mid;0.9044523430060584;
2022-01-24 05:30:00;14.6;54.0;20.5;68.0;;;33;4;440.0;mid;0.9044523430060584;
2022-01-24 05:35:00;14.6;54.0;20.5;68.0;;;33;4;445.0;mid;0.9044523430060584;
2022-01-24 05:40:00;14.6;54.0;20.5;68.0;;;33;4;450.0;mid;0.9044523430060584;
2022-01-24 05:45:00;14.6;54.0;20.5;68.0;;;33;4;455.0;mid;0.9044523430060584;
2022-01-24 05:50:00;14.6;54.0;20.4;68.0;;;33;4;460.0;mid;0.9044523430060584;
2022-01-24 05:55:00;14.6;55.0;20.4;68.0;;;33;4;465.0;mid;0.9212014604691336;
2022-01-24 06:00:00;14.6;55.0;20.4;68.0;;;33;4;470.0;mid;0.9212014604691336;
2022-01-24 06:05:00;14.6;54.0;20.4;68.0;;;33;4;475.0;mid;0.9044523430060584;
2022-01-24 06:10:00;14.6;54.0;20.4;68.0;;;33;4;480.0;mid;0.9044523430060584;
2022-01-24 06:15:00;14.6;54.0;20.4;68.0;;;33;4;485.0;mid;0.9044523430060584;
2022-01-26 19:35:00;21.7;85.0;21.8;49.0;;;34;2;0.0;mid;2.242356022515035;
2022-01-26 19:40:00;22.8;85.0;21.8;49.0;;;34;2;5.0;mid;2.40117519436744;
2022-01-26 19:45:00;22.8;85.0;21.8;49.0;;;34;2;10.0;mid;2.40117519436744;
2022-01-26 19:50:00;12.4;53.0;21.8;49.0;;;34;2;15.0;mid;0.7676132376640539;
2022-01-26 19:55:00;12.4;53.0;21.8;49.0;;;34;2;20.0;mid;0.7676132376640539;
2022-01-26 20:00:00;10.1;54.0;21.8;49.0;;;34;2;25.0;mid;0.6702188761218683;
2022-01-26 20:05:00;10.1;54.0;21.8;49.0;;;34;2;30.0;mid;0.6702188761218683;
2022-01-26 20:10:00;9.0;55.0;21.8;49.0;;;34;2;35.0;mid;0.6334824961445542;
2022-01-26 20:15:00;9.0;55.0;21.8;49.0;;;34;2;40.0;mid;0.6334824961445542;
2022-01-26 20:20:00;9.0;56.0;21.8;49.0;;;34;2;45.0;mid;0.6450003597108188;
2022-01-26 20:25:00;9.0;56.0;21.8;49.0;;;34;2;50.0;mid;0.6450003597108188;
2022-01-26 20:30:00;9.0;57.0;21.8;49.0;;;34;2;55.0;mid;0.6565182232770833;
2022-01-26 20:35:00;8.1;57.0;21.8;49.0;;;34;2;60.0;mid;0.6173153684755817;
2022-01-26 20:40:00;8.1;57.0;21.8;49.0;;;34;2;65.0;mid;0.6173153684755817;
2022-01-26 20:45:00;8.1;58.0;21.8;49.0;;;34;2;70.0;mid;0.6281454626593638;
2022-01-26 20:50:00;8.1;58.0;21.8;49.0;;;34;2;75.0;mid;0.6281454626593638;
2022-01-26 20:55:00;7.8;58.0;21.8;49.0;;;34;2;80.0;mid;0.6153311545194121;
2022-01-26 21:00:00;7.8;58.0;21.8;49.0;;;34;2;85.0;mid;0.6153311545194121;
2022-01-26 21:05:00;7.2;59.0;21.8;49.0;;;34;2;90.0;mid;0.6005826382975166;
2022-01-28 21:20:00;8.8;62.0;21.4;48.0;;;36;2;0.0;mid;0.7044273753058058;
2022-01-28 21:25:00;8.8;62.0;21.4;48.0;;;36;2;5.0;mid;0.7044273753058058;
2022-01-28 21:30:00;8.8;62.0;21.4;48.0;;;36;2;10.0;mid;0.7044273753058058;
2022-01-28 21:35:00;8.8;63.0;21.4;48.0;;;36;2;15.0;mid;0.7157891071655768;
2022-01-28 21:40:00;8.8;63.0;21.4;48.0;;;36;2;20.0;mid;0.7157891071655768;
2022-01-28 21:45:00;8.8;63.0;21.4;48.0;;;36;2;25.0;mid;0.7157891071655768;
2022-01-28 21:50:00;8.4;64.0;21.4;48.0;;;36;2;30.0;mid;0.707529324261621;
2022-01-29 20:25:00;23.1;86.0;21.4;48.0;;;37;2;0.0;mid;2.4749721103191784;
2022-01-29 20:30:00;18.4;86.0;21.4;48.0;;;37;2;5.0;mid;1.8419592157662104;
2022-01-29 20:35:00;18.4;86.0;21.4;48.0;;;37;2;10.0;mid;1.8419592157662104;
2022-01-29 20:40:00;18.4;54.0;21.4;48.0;;;37;2;15.0;mid;1.1565790424578533;
2022-01-29 20:45:00;16.5;54.0;21.4;48.0;;;37;2;20.0;mid;1.0236015518071593;
2022-01-29 20:50:00;16.5;54.0;21.4;48.0;;;37;2;25.0;mid;1.0236015518071593;
2022-01-29 20:55:00;15.6;54.0;21.4;48.0;;;37;2;30.0;mid;0.9655191090119992;
2022-01-29 21:00:00;15.6;54.0;21.4;48.0;;;37;2;35.0;mid;0.9655191090119992;
2022-01-29 21:05:00;15.1;54.0;21.4;48.0;;;37;2;40.0;mid;0.934540018975947;
2022-01-29 21:10:00;15.1;54.0;21.4;48.0;;;37;2;45.0;mid;0.934540018975947;
2022-01-29 21:15:00;14.5;58.0;21.4;48.0;;;37;2;50.0;mid;0.9650982914208254;
2022-01-29 21:20:00;14.5;58.0;21.4;48.0;;;37;2;55.0;mid;0.9650982914208254;
2022-01-29 21:25:00;14.5;58.0;21.4;48.0;;;37;2;60.0;mid;0.9650982914208254;
2022-01-29 21:30:00;14.5;58.0;21.4;48.0;;;37;2;65.0;mid;0.9650982914208254;
2022-01-30 19:15:00;22.5;59.0;20.9;52.0;;;38;2;0.0;mid;1.6359635338215843;
2022-01-30 19:20:00;22.5;59.0;20.9;52.0;;;38;2;5.0;mid;1.6359635338215843;
2022-01-30 19:25:00;22.5;45.0;20.9;52.0;;;38;2;10.0;mid;1.2477687969825646;
2022-01-30 19:30:00;22.5;45.0;20.9;52.0;;;38;2;15.0;mid;1.2477687969825646;
2022-01-30 19:35:00;12.2;49.0;20.9;52.0;;;38;2;20.0;mid;0.7002864236869614;
2022-01-30 19:40:00;12.2;49.0;20.9;52.0;;;38;2;25.0;mid;0.7002864236869614;
2022-01-30 19:45:00;12.2;49.0;20.9;52.0;;;38;2;30.0;mid;0.7002864236869614;
2022-01-30 19:50:00;11.1;49.0;20.9;52.0;;;38;2;35.0;mid;0.6505816200921957;
2022-01-30 19:55:00;11.1;49.0;20.9;52.0;;;38;2;40.0;mid;0.6505816200921957;
2022-01-30 20:00:00;11.1;53.0;20.9;52.0;;;38;2;45.0;mid;0.7036903237731913;
2022-01-30 20:05:00;11.1;53.0;20.9;52.0;;;38;2;50.0;mid;0.7036903237731913;
2022-01-30 20:10:00;10.0;54.0;20.9;52.0;;;38;2;55.0;mid;0.6656976008206431;
2022-01-30 20:15:00;10.0;54.0;20.9;52.0;;;38;2;60.0;mid;0.6656976008206431;
2022-01-17 21:00:00;15.1;56.0;23.0;82.0;5.0;90.0;80;2;0.0;mid;;
2022-01-17 21:05:00;15.1;56.0;23.0;82.0;5.0;90.0;80;2;5.0;mid;;
2022-01-17 21:10:00;14.3;57.0;23.0;82.0;5.0;89.0;80;2;10.0;mid;;
2022-01-17 21:15:00;14.3;57.0;23.0;82.0;5.0;89.0;80;2;15.0;mid;;
2022-01-17 21:20:00;14.6;62.0;23.0;82.0;5.0;89.0;80;2;20.0;mid;;
2022-01-17 21:25:00;14.6;62.0;23.0;82.0;6.0;89.0;80;2;25.0;mid;;
2022-01-17 21:30:00;14.6;67.0;23.0;82.0;6.0;89.0;80;2;30.0;mid;;
2022-01-17 21:35:00;14.6;67.0;23.0;82.0;6.0;89.0;80;2;35.0;mid;;
2022-01-17 21:40:00;19.9;67.0;23.0;82.0;6.0;89.0;80;2;40.0;mid;;
2022-01-17 21:45:00;19.9;67.0;23.0;82.0;6.0;89.0;80;2;45.0;mid;;
2022-01-17 21:50:00;19.9;67.0;23.0;82.0;5.0;89.0;80;2;50.0;mid;;
2022-01-17 21:55:00;19.9;67.0;23.0;82.0;5.0;89.0;80;2;55.0;mid;;
2022-01-17 22:00:00;19.9;67.0;23.0;82.0;5.0;89.0;80;2;60.0;mid;;
2022-01-17 22:05:00;19.9;66.0;23.0;82.0;5.0;90.0;80;2;65.0;mid;;
2022-01-17 22:10:00;19.9;66.0;23.0;82.0;5.0;90.0;80;2;70.0;mid;;
2022-01-17 22:15:00;20.9;67.0;23.0;82.0;5.0;90.0;80;2;75.0;mid;;
2022-01-17 22:20:00;20.9;67.0;23.0;82.0;5.0;91.0;80;2;80.0;mid;;
2022-01-17 22:25:00;20.9;68.0;23.0;82.0;5.0;91.0;80;2;85.0;mid;;
2022-01-17 22:30:00;20.9;68.0;23.0;82.0;5.0;91.0;80;2;90.0;mid;;
2022-01-17 22:35:00;20.9;69.0;23.0;82.0;5.0;91.0;80;2;95.0;mid;;
2022-01-17 22:40:00;20.9;69.0;23.0;82.0;5.0;91.0;80;2;100.0;mid;;
2022-01-17 22:45:00;20.9;69.0;23.0;82.0;5.0;91.0;80;2;105.0;mid;;
2022-01-17 22:50:00;20.9;69.0;23.0;82.0;5.0;91.0;80;2;110.0;mid;;
2022-01-17 22:55:00;20.9;69.0;23.0;82.0;5.0;92.0;80;2;115.0;mid;;
2022-01-17 23:00:00;20.9;70.0;23.0;82.0;5.0;92.0;80;2;120.0;mid;;
2022-01-17 23:05:00;20.9;70.0;23.0;82.0;5.0;92.0;80;2;125.0;mid;;
2022-01-17 23:10:00;20.8;70.0;23.0;82.0;5.0;92.0;80;2;130.0;mid;;
2022-01-18 19:05:00;22.3;53.0;23.0;82.0;6.0;80.0;82;2;0.0;mid;;
2022-01-18 19:10:00;22.4;53.0;23.0;82.0;6.0;80.0;82;2;5.0;mid;;
2022-01-18 19:15:00;22.4;53.0;23.0;82.0;6.0;80.0;82;2;10.0;mid;;
2022-01-18 19:20:00;22.4;54.0;23.0;82.0;6.0;80.0;82;2;15.0;mid;;
2022-01-18 19:25:00;22.4;54.0;23.0;82.0;6.0;79.0;82;2;20.0;mid;;
2022-01-19 15:10:00;21.3;53.0;23.0;82.0;4.0;84.0;83;2;0.0;mid;;
2022-01-19 15:15:00;21.4;53.0;23.0;82.0;4.0;84.0;83;2;5.0;mid;;
2022-01-19 15:20:00;21.4;53.0;23.0;82.0;4.0;85.0;83;2;10.0;mid;;
2022-01-19 15:25:00;21.5;52.0;23.0;82.0;4.0;85.0;83;2;15.0;mid;;
2022-01-19 15:30:00;21.5;52.0;23.0;82.0;4.0;85.0;83;2;20.0;mid;;
2022-01-19 15:35:00;21.5;52.0;23.0;82.0;4.0;85.0;83;2;25.0;mid;;
2022-01-19 15:40:00;21.5;52.0;23.0;82.0;4.0;85.0;83;2;30.0;mid;;
2022-01-19 15:45:00;21.5;52.0;23.0;82.0;4.0;85.0;83;2;35.0;mid;;
2022-01-19 15:50:00;21.6;52.0;23.0;82.0;4.0;86.0;83;2;40.0;mid;;
2022-01-19 15:55:00;21.6;52.0;23.0;82.0;4.0;86.0;83;2;45.0;mid;;
2022-01-19 16:00:00;21.7;52.0;23.0;82.0;4.0;86.0;83;2;50.0;mid;;
2022-01-19 16:05:00;21.7;52.0;23.0;82.0;4.0;87.0;83;2;55.0;mid;;
2022-01-19 16:10:00;21.7;52.0;23.0;82.0;4.0;86.0;83;2;60.0;mid;;
2022-01-19 16:15:00;21.7;52.0;23.0;82.0;4.0;86.0;83;2;65.0;mid;;
2022-01-19 16:20:00;21.7;52.0;23.0;82.0;4.0;86.0;83;2;70.0;mid;;
2022-01-19 16:25:00;21.7;52.0;23.0;82.0;4.0;86.0;83;2;75.0;mid;;
2022-01-19 16:30:00;21.7;51.0;23.0;82.0;4.0;87.0;83;2;80.0;mid;;
2022-01-19 16:35:00;21.7;51.0;23.0;82.0;4.0;87.0;83;2;85.0;mid;;
2022-01-19 16:40:00;21.7;51.0;23.0;82.0;4.0;87.0;83;2;90.0;mid;;
2022-01-19 16:45:00;21.8;51.0;23.0;82.0;4.0;87.0;83;2;95.0;mid;;
2022-01-19 16:50:00;21.8;51.0;23.0;82.0;4.0;86.0;83;2;100.0;mid;;
2022-01-19 16:55:00;21.8;51.0;23.0;82.0;4.0;86.0;83;2;105.0;mid;;
2022-01-19 17:00:00;21.8;51.0;23.0;82.0;4.0;86.0;83;2;110.0;mid;;
2022-01-19 17:05:00;21.8;51.0;23.0;82.0;4.0;86.0;83;2;115.0;mid;;
2022-01-19 17:10:00;21.8;51.0;23.0;82.0;4.0;86.0;83;2;120.0;mid;;
2022-01-19 17:15:00;21.7;50.0;23.0;82.0;4.0;86.0;83;2;125.0;mid;;
2022-01-19 17:20:00;21.7;50.0;23.0;82.0;4.0;86.0;83;2;130.0;mid;;
2022-01-19 17:25:00;21.7;50.0;23.0;82.0;4.0;86.0;83;2;135.0;mid;;
2022-01-19 17:30:00;21.8;50.0;23.0;82.0;4.0;86.0;83;2;140.0;mid;;
2022-01-19 17:35:00;21.8;50.0;23.0;82.0;4.0;85.0;83;2;145.0;mid;;
2022-01-19 17:40:00;21.9;51.0;23.0;82.0;4.0;85.0;83;2;150.0;mid;;
2022-01-19 17:45:00;21.9;51.0;23.0;82.0;4.0;85.0;83;2;155.0;mid;;
2022-01-19 17:50:00;21.9;51.0;23.0;82.0;4.0;85.0;83;2;160.0;mid;;
2022-01-19 17:55:00;21.9;51.0;23.0;82.0;4.0;85.0;83;2;165.0;mid;;
2022-01-19 18:00:00;22.0;51.0;23.0;82.0;4.0;85.0;83;2;170.0;mid;;
2022-01-19 18:05:00;22.0;51.0;23.0;82.0;4.0;85.0;83;2;175.0;mid;;
2022-01-19 18:10:00;21.8;51.0;23.0;82.0;4.0;85.0;83;2;180.0;mid;;
2022-01-19 18:15:00;21.8;51.0;23.0;82.0;4.0;85.0;83;2;185.0;mid;;
2022-01-19 18:20:00;21.8;50.0;23.0;82.0;4.0;85.0;83;2;190.0;mid;;
2022-01-19 18:25:00;21.8;50.0;23.0;82.0;4.0;84.0;83;2;195.0;mid;;
2022-01-19 18:30:00;21.8;50.0;23.0;82.0;4.0;84.0;83;2;200.0;mid;;
2022-01-19 18:35:00;21.9;50.0;23.0;82.0;4.0;84.0;83;2;205.0;mid;;
2022-01-19 18:40:00;21.9;50.0;23.0;82.0;4.0;85.0;83;2;210.0;mid;;
2022-01-20 11:50:00;21.3;49.0;23.0;82.0;5.0;81.0;84;2;0.0;mid;;
2022-01-20 11:55:00;21.3;49.0;23.0;82.0;5.0;80.0;84;2;5.0;mid;;
2022-01-20 12:00:00;21.3;49.0;23.0;82.0;5.0;81.0;84;2;10.0;mid;;
2022-01-20 12:05:00;21.3;49.0;23.0;82.0;5.0;81.0;84;2;15.0;mid;;
2022-01-20 12:10:00;21.3;49.0;23.0;82.0;5.0;81.0;84;2;20.0;mid;;
2022-01-20 17:55:00;20.8;50.0;23.0;82.0;;;86;2;0.0;mid;;
2022-01-20 18:00:00;20.9;50.0;23.0;82.0;;;86;2;5.0;mid;;
2022-01-20 18:05:00;20.9;50.0;23.0;82.0;;;86;2;10.0;mid;;
2022-01-20 18:10:00;20.9;49.0;23.0;82.0;;;86;2;15.0;mid;;
2022-01-20 18:15:00;20.9;49.0;23.0;82.0;;;86;2;20.0;mid;;
2022-01-20 18:20:00;20.9;49.0;23.0;82.0;;;86;2;25.0;mid;;
2022-01-20 18:25:00;20.8;49.0;23.0;82.0;;;86;2;30.0;mid;;
2022-01-20 18:30:00;20.8;49.0;23.0;82.0;;;86;2;35.0;mid;;
2022-01-20 18:35:00;20.8;49.0;23.0;82.0;;;86;2;40.0;mid;;
2022-01-20 18:40:00;20.8;49.0;23.0;82.0;;;86;2;45.0;mid;;
2022-01-20 18:45:00;20.9;49.0;23.0;82.0;;;86;2;50.0;mid;;
2022-01-20 18:50:00;20.9;49.0;23.0;82.0;;;86;2;55.0;mid;;
2022-01-20 18:55:00;20.9;49.0;23.0;82.0;;;86;2;60.0;mid;;
2022-01-20 19:00:00;20.9;49.0;23.0;82.0;;;86;2;65.0;mid;;
2022-01-20 19:05:00;20.8;49.0;23.0;82.0;;;86;2;70.0;mid;;
2022-01-20 19:10:00;20.8;49.0;23.0;82.0;;;86;2;75.0;mid;;
2022-01-20 19:15:00;20.8;49.0;23.0;82.0;;;86;2;80.0;mid;;
2022-01-20 19:20:00;20.8;49.0;23.0;82.0;;;86;2;85.0;mid;;
2022-01-20 19:25:00;20.8;49.0;23.0;82.0;;;86;2;90.0;mid;;
2022-01-20 19:30:00;20.8;49.0;23.0;82.0;;;86;2;95.0;mid;;
2022-01-20 19:35:00;20.8;49.0;23.0;82.0;;;86;2;100.0;mid;;
2022-01-20 19:40:00;20.8;49.0;23.0;82.0;;;86;2;105.0;mid;;
2022-01-20 19:45:00;20.8;49.0;23.0;82.0;;;86;2;110.0;mid;;
2022-01-20 19:50:00;20.8;48.0;23.0;82.0;;;86;2;115.0;mid;;
2022-01-20 19:55:00;20.8;48.0;23.0;82.0;;;86;2;120.0;mid;;
2022-01-20 20:00:00;20.8;48.0;23.0;82.0;;;86;2;125.0;mid;;
2022-01-20 20:20:00;20.7;48.0;23.0;82.0;;;87;4;0.0;mid;;
2022-01-20 20:25:00;20.7;48.0;23.0;82.0;;;87;4;5.0;mid;;
2022-01-20 20:30:00;20.7;48.0;23.0;82.0;;;87;4;10.0;mid;;
2022-01-20 20:35:00;20.5;48.0;23.0;82.0;;;87;4;15.0;mid;;
2022-01-20 20:40:00;20.5;48.0;23.0;82.0;;;87;4;20.0;mid;;
2022-01-20 20:45:00;20.5;48.0;23.0;82.0;;;87;4;25.0;mid;;
2022-01-20 20:50:00;20.5;48.0;23.0;82.0;;;87;4;30.0;mid;;
2022-01-20 20:55:00;22.2;48.0;23.0;82.0;;;87;4;35.0;mid;;
2022-01-20 21:00:00;22.2;48.0;23.0;82.0;;;87;4;40.0;mid;;
2022-01-20 21:05:00;22.2;45.0;23.0;82.0;;;87;4;45.0;mid;;
2022-01-20 21:10:00;22.2;45.0;23.0;82.0;;;87;4;50.0;mid;;
2022-01-20 21:15:00;22.2;45.0;23.0;82.0;;;87;4;55.0;mid;;
2022-01-20 21:20:00;10.0;45.0;23.0;82.0;;;87;4;60.0;mid;;
2022-01-20 21:25:00;10.0;45.0;23.0;51.0;;;87;4;65.0;mid;;
2022-01-20 21:30:00;10.0;45.0;23.0;51.0;;;87;4;70.0;mid;;
2022-01-20 21:35:00;10.0;45.0;20.5;51.0;;;87;4;75.0;mid;;
2022-01-20 21:40:00;16.1;56.0;20.5;51.0;;;87;4;80.0;mid;;
2022-01-20 21:45:00;16.1;56.0;20.5;51.0;;;87;4;85.0;mid;;
2022-01-20 21:50:00;18.2;53.0;20.5;51.0;;;87;4;90.0;mid;;
2022-01-21 22:00:00;17.3;55.0;21.9;47.0;;;88;2;0.0;mid;;
2022-01-21 22:05:00;17.3;55.0;21.9;47.0;;;88;2;5.0;mid;;
2022-01-21 22:10:00;17.3;54.0;21.9;47.0;;;88;2;10.0;mid;;
2022-01-21 22:15:00;18.6;54.0;21.9;47.0;;;88;2;15.0;mid;;
2022-01-21 22:20:00;18.6;54.0;21.9;47.0;;;88;2;20.0;mid;;
2022-01-21 22:25:00;18.7;54.0;21.9;47.0;;;88;2;25.0;mid;;
2022-01-22 08:00:00;20.2;55.0;21.8;49.0;;;89;2;0.0;mid;;
2022-01-22 08:05:00;20.2;55.0;21.8;49.0;;;89;2;5.0;mid;;
2022-01-22 08:10:00;20.2;55.0;21.8;49.0;;;89;2;10.0;mid;;
2022-01-22 08:15:00;20.2;53.0;21.8;49.0;;;89;2;15.0;mid;;
2022-01-22 08:20:00;20.2;53.0;21.8;49.0;;;89;2;20.0;mid;;
2022-01-22 08:25:00;20.2;53.0;21.8;49.0;;;89;2;25.0;mid;;
2022-01-22 14:35:00;22.1;63.0;22.5;49.0;;;90;2;0.0;mid;;
2022-01-22 14:40:00;22.1;63.0;22.5;49.0;;;90;2;5.0;mid;;
2022-01-22 14:45:00;22.1;63.0;22.5;49.0;;;90;2;10.0;mid;;
2022-01-22 14:50:00;22.1;63.0;22.5;49.0;;;90;2;15.0;mid;;
2022-01-22 14:55:00;22.1;63.0;22.5;49.0;;;90;2;20.0;mid;;
2022-01-22 15:00:00;22.1;63.0;22.5;49.0;;;90;2;25.0;mid;;
2022-01-22 15:05:00;22.1;63.0;22.5;49.0;;;90;2;30.0;mid;;
2022-01-22 15:10:00;22.1;63.0;22.5;49.0;;;90;2;35.0;mid;;
2022-01-22 15:15:00;22.1;61.0;22.5;49.0;;;90;2;40.0;mid;;
2022-01-22 15:20:00;22.1;61.0;22.5;49.0;;;90;2;45.0;mid;;
2022-01-22 15:25:00;22.1;61.0;22.5;49.0;;;90;2;50.0;mid;;
2022-01-22 15:30:00;22.1;61.0;22.5;49.0;;;90;2;55.0;mid;;
2022-01-22 15:35:00;22.1;61.0;22.5;49.0;;;90;2;60.0;mid;;
2022-01-22 15:40:00;22.2;61.0;22.5;49.0;;;90;2;65.0;mid;;
2022-01-22 15:45:00;22.2;61.0;22.5;49.0;;;90;2;70.0;mid;;
2022-01-22 15:50:00;22.1;60.0;22.5;49.0;;;90;2;75.0;mid;;
2022-01-22 15:55:00;22.1;60.0;22.5;49.0;;;90;2;80.0;mid;;
2022-01-22 16:00:00;22.4;60.0;22.5;49.0;;;90;2;85.0;mid;;
2022-01-22 16:05:00;22.4;60.0;22.5;49.0;;;90;2;90.0;mid;;
2022-01-22 16:10:00;22.6;61.0;22.5;49.0;;;90;2;95.0;mid;;
2022-01-22 16:15:00;22.6;61.0;22.5;49.0;;;90;2;100.0;mid;;
2022-01-22 16:20:00;22.6;61.0;22.5;49.0;;;90;2;105.0;mid;;
2022-01-22 16:25:00;22.6;61.0;22.5;49.0;;;90;2;110.0;mid;;
2022-01-22 16:30:00;22.6;61.0;22.5;49.0;;;90;2;115.0;mid;;
2022-01-22 16:35:00;22.5;61.0;22.5;49.0;;;90;2;120.0;mid;;
2022-01-22 16:40:00;22.5;61.0;22.5;55.0;;;90;2;125.0;mid;;
2022-01-22 21:20:00;22.8;67.0;22.5;49.0;;;91;2;0.0;mid;;
2022-01-22 21:25:00;22.8;67.0;22.5;49.0;;;91;2;5.0;mid;;
2022-01-22 21:30:00;22.8;67.0;22.5;49.0;;;91;2;10.0;mid;;
2022-01-22 21:35:00;22.8;67.0;22.5;49.0;;;91;2;15.0;mid;;
2022-01-22 21:40:00;22.9;67.0;22.5;49.0;;;91;2;20.0;mid;;
2022-01-22 21:45:00;22.9;67.0;22.9;48.0;;;91;2;25.0;mid;;
2022-01-22 21:50:00;22.9;67.0;22.9;48.0;;;91;2;30.0;mid;;
2022-01-22 21:55:00;22.9;67.0;22.9;48.0;;;91;2;35.0;mid;;
2022-01-22 22:00:00;23.0;67.0;22.9;48.0;;;91;2;40.0;mid;;
2022-01-22 22:05:00;23.0;67.0;22.9;48.0;;;91;2;45.0;mid;;
2022-01-22 22:10:00;23.0;66.0;22.9;48.0;;;91;2;50.0;mid;;
2022-01-22 22:15:00;23.0;66.0;22.9;48.0;;;91;2;55.0;mid;;
2022-01-23 08:30:00;22.5;54.0;23.1;49.0;;;92;2;0.0;mid;;
2022-01-23 08:35:00;22.5;54.0;23.1;49.0;;;92;2;5.0;mid;;
2022-01-23 08:40:00;22.5;54.0;23.1;49.0;;;92;2;10.0;mid;;
2022-01-23 08:45:00;22.5;54.0;23.1;49.0;;;92;2;15.0;mid;;
2022-01-23 08:50:00;22.5;54.0;23.1;49.0;;;92;2;20.0;mid;;
2022-01-23 08:55:00;22.5;54.0;23.1;49.0;;;92;2;25.0;mid;;
2022-01-23 09:00:00;22.6;54.0;23.1;49.0;;;92;2;30.0;mid;;
2022-01-24 19:35:00;19.0;58.0;22.2;53.0;;;94;2;0.0;mid;;
2022-01-24 19:40:00;19.1;59.0;22.2;53.0;;;94;2;5.0;mid;;
2022-01-24 19:45:00;19.1;59.0;21.8;53.0;;;94;2;10.0;mid;;
2022-01-24 19:50:00;19.0;59.0;21.8;53.0;;;94;2;15.0;mid;;
2022-01-24 19:55:00;19.0;59.0;21.7;53.0;;;94;2;20.0;mid;;
2022-01-24 20:00:00;19.0;59.0;21.7;53.0;;;94;2;25.0;mid;;
2022-01-24 20:05:00;19.0;59.0;21.7;53.0;;;94;2;30.0;mid;;
2022-01-24 20:10:00;18.9;59.0;21.7;53.0;;;94;2;35.0;mid;;
2022-01-24 20:15:00;18.9;59.0;21.7;53.0;;;94;2;40.0;mid;;
2022-01-24 20:20:00;18.9;59.0;21.6;53.0;;;94;2;45.0;mid;;
2022-01-24 20:25:00;18.9;59.0;21.6;53.0;;;94;2;50.0;mid;;
2022-01-24 20:30:00;18.9;59.0;21.6;53.0;;;94;2;55.0;mid;;
2022-01-24 20:35:00;18.9;59.0;21.6;53.0;;;94;2;60.0;mid;;
2022-01-24 20:40:00;18.9;59.0;21.6;53.0;;;94;2;65.0;mid;;
2022-01-24 20:45:00;19.0;59.0;21.6;53.0;;;94;2;70.0;mid;;
2022-01-24 20:50:00;19.0;59.0;21.7;53.0;;;94;2;75.0;mid;;
2022-01-24 20:55:00;19.0;59.0;21.7;53.0;;;94;2;80.0;mid;;
2022-01-24 21:00:00;19.0;59.0;21.7;53.0;;;94;2;85.0;mid;;
2022-01-24 21:05:00;19.0;59.0;22.0;53.0;;;94;2;90.0;mid;;
2022-01-24 21:10:00;19.0;59.0;22.0;53.0;;;94;2;95.0;mid;;
2022-01-24 21:15:00;19.0;58.0;22.1;52.0;;;94;2;100.0;mid;;
2022-01-24 21:20:00;19.0;58.0;22.1;52.0;;;94;2;105.0;mid;;
2022-01-24 21:25:00;19.0;58.0;22.1;52.0;;;94;2;110.0;mid;;
2022-01-24 21:30:00;18.9;59.0;22.1;52.0;;;94;2;115.0;mid;;
2022-01-24 21:35:00;18.9;59.0;22.4;52.0;;;94;2;120.0;mid;;
2022-01-24 21:40:00;18.9;59.0;22.4;52.0;;;94;2;125.0;mid;;
2022-01-24 21:45:00;18.9;59.0;22.4;52.0;;;94;2;130.0;mid;;
2022-01-24 21:50:00;18.9;59.0;22.4;52.0;;;94;2;135.0;mid;;
2022-01-24 21:55:00;18.9;59.0;22.4;52.0;;;94;2;140.0;mid;;
2022-01-24 22:00:00;18.9;58.0;22.6;52.0;;;94;2;145.0;mid;;
2022-01-24 22:05:00;18.9;58.0;22.6;52.0;;;94;2;150.0;mid;;
2022-01-24 22:10:00;18.9;59.0;22.6;53.0;;;94;2;155.0;mid;;
2022-01-25 18:10:00;21.7;50.0;22.2;47.0;;;97;2;0.0;mid;;
2022-01-25 18:15:00;21.7;50.0;22.2;47.0;;;97;2;5.0;mid;;
2022-01-25 22:50:00;15.0;60.0;22.8;55.0;;;99;2;0.0;mid;;
2022-01-25 22:55:00;14.2;59.0;22.8;55.0;;;99;2;5.0;mid;;
2022-01-25 23:00:00;14.2;59.0;22.8;55.0;;;99;2;10.0;mid;;
2022-01-26 09:25:00;16.3;56.0;21.7;51.0;;;100;4;0.0;mid;;
2022-01-26 09:30:00;16.3;56.0;21.7;51.0;;;100;4;5.0;mid;;
2022-01-26 09:35:00;16.3;56.0;21.7;51.0;;;100;4;10.0;mid;;
2022-01-26 09:40:00;16.3;56.0;21.7;51.0;;;100;4;15.0;mid;;
2022-01-26 09:45:00;16.3;55.0;21.7;51.0;;;100;4;20.0;mid;;
2022-01-26 09:50:00;16.3;55.0;22.0;51.0;;;100;4;25.0;mid;;
2022-01-26 09:55:00;16.3;55.0;22.0;51.0;;;100;4;30.0;mid;;
2022-01-26 10:00:00;16.3;55.0;22.0;51.0;;;100;4;35.0;mid;;
2022-01-26 10:05:00;16.3;55.0;22.4;51.0;;;100;4;40.0;mid;;
2022-01-26 10:10:00;16.3;55.0;22.4;51.0;;;100;4;45.0;mid;;
2022-01-26 10:15:00;16.3;55.0;22.4;51.0;;;100;4;50.0;mid;;
